year,month,wheel_name,date,weight_tons,volume_cubic_yards,plastic_bottles,polystyrene,cigarette_butts,glass_bottles,plastic_bags,wrappers,sports_balls,homes_powered
2014,May,Mr. Trash Wheel,2014-05-16T00:00:00Z,4.31,18,1450,1820,126000,72,584,1162,7,0
2014,May,Mr. Trash Wheel,2014-05-16T00:00:00Z,2.74,13,1120,1030,91000,42,496,874,5,0
2014,May,Mr. Trash Wheel,2014-05-16T00:00:00Z,3.45,15,2450,3100,105000,50,1080,2032,6,0
2014,May,Mr. Trash Wheel,2014-05-17T00:00:00Z,3.1,15,2380,2730,100000,52,896,1971,6,0
2014,May,Mr. Trash Wheel,2014-05-17T00:00:00Z,4.06,18,980,870,120000,72,368,753,7,0
2014,May,Mr. Trash Wheel,2014-05-20T00:00:00Z,2.71,13,1430,2140,90000,46,672,1144,5,0
2014,May,Mr. Trash Wheel,2014-05-21T00:00:00Z,1.91,8,910,1090,56000,32,416,692,3,0
2014,May,Mr. Trash Wheel,2014-05-28T00:00:00Z,3.7,16,3580,4310,112000,58,1552,3015,6,0
2014,June,Mr. Trash Wheel,2014-06-05T00:00:00Z,2.52,14,2400,2790,98000,49,984,1988,6,0
2014,June,Mr. Trash Wheel,2014-06-11T00:00:00Z,3.76,18,1340,1730,130000,75,448,1066,7,0
2014,June,Mr. Trash Wheel,2014-06-11T00:00:00Z,3.43,15,740,869,110000,38,344,544,6,0
2014,June,Mr. Trash Wheel,2014-06-12T00:00:00Z,4.17,19,950,1140,133000,45,520,727,8,0
2014,June,Mr. Trash Wheel,2014-06-13T00:00:00Z,5.13,15,530,630,104000,58,224,361,6,0
2014,June,Mr. Trash Wheel,2014-06-13T00:00:00Z,4.17,15,840,760,100000,62,344,631,6,0
2014,June,Mr. Trash Wheel,2014-06-19T00:00:00Z,3.28,15,1130,1350,102000,64,432,883,6,0
2014,June,Mr. Trash Wheel,2014-06-19T00:00:00Z,3.05,15,1640,2130,106000,56,752,1327,6,0
2014,June,Mr. Trash Wheel,2014-06-28T00:00:00Z,2.49,13,1350,1620,89000,47,696,1075,5,0
2014,July,Mr. Trash Wheel,2014-07-03T00:00:00Z,2.54,15,1640,1960,108000,65,744,1327,6,0
2014,July,Mr. Trash Wheel,2014-07-07T00:00:00Z,2.41,15,1730,2100,107000,63,896,1405,6,0
2014,July,Mr. Trash Wheel,2014-07-11T00:00:00Z,3.83,18,5960,6540,132000,79,2560,5085,7,0
2014,July,Mr. Trash Wheel,2014-07-14T00:00:00Z,2.73,15,2170,2620,112000,32,1144,1788,6,0
2014,July,Mr. Trash Wheel,2014-07-15T00:00:00Z,4.4,16,1930,2210,115000,53,688,1579,6,0
2014,July,Mr. Trash Wheel,2014-07-15T00:00:00Z,2.79,14,3200,3840,98000,25,1464,2684,6,0
2014,July,Mr. Trash Wheel,2014-07-25T00:00:00Z,2.5,13,2500,3040,85000,18,1248,2075,5,0
2014,August,Mr. Trash Wheel,2014-08-04T00:00:00Z,4.39,16,2140,2050,118000,68,904,1762,6,0
2014,August,Mr. Trash Wheel,2014-08-04T00:00:00Z,5.33,17,1630,1950,123000,75,512,1318,7,0
2014,August,Mr. Trash Wheel,2014-08-13T00:00:00Z,3.58,20,3640,4360,141000,82,1560,3067,8,0
2014,August,Mr. Trash Wheel,2014-08-13T00:00:00Z,3.1,17,1430,1870,121000,63,552,1144,7,0
2014,August,Mr. Trash Wheel,2014-08-19T00:00:00Z,1.77,10,570,780,32000,21,310,1440,4,0
2014,September,Mr. Trash Wheel,2014-09-03T00:00:00Z,3.76,18,4800,3640,310000,110,1880,2200,7,0
2014,September,Mr. Trash Wheel,2014-09-24T00:00:00Z,1.24,8,550,860,18000,11,420,1040,3,0
2014,September,Mr. Trash Wheel,2014-09-26T00:00:00Z,3.14,15,2240,2880,112000,42,1200,1860,6,0
2014,October,Mr. Trash Wheel,2014-10-03T00:00:00Z,2.71,16,4220,4840,84000,38,1400,2140,6,0
2014,October,Mr. Trash Wheel,2014-10-09T00:00:00Z,2.11,14,1400,1650,80000,18,1450,2030,6,0
2014,October,Mr. Trash Wheel,2014-10-20T00:00:00Z,4.09,18,2820,3010,78000,7,990,1450,7,0
2014,October,Mr. Trash Wheel,2014-10-20T00:00:00Z,2.31,14,1900,2240,81000,22,840,1260,6,0
2014,October,Mr. Trash Wheel,2014-10-24T00:00:00Z,3.5,15,3650,3880,94000,51,1210,1840,6,0
2014,November,Mr. Trash Wheel,2014-11-06T00:00:00Z,2.7,15,760,1680,22000,18,960,1720,6,0
2014,November,Mr. Trash Wheel,2014-11-17T00:00:00Z,3.25,18,1250,2730,46000,28,1130,2340,7,0
2014,November,Mr. Trash Wheel,2014-11-20T00:00:00Z,3.84,15,880,1840,35000,14,730,1760,6,0
2014,November,Mr. Trash Wheel,2014-11-28T00:00:00Z,2.88,15,1800,3970,52000,32,560,1850,6,0
2014,December,Mr. Trash Wheel,2014-12-01T00:00:00Z,1.81,17,1370,3140,38000,28,950,1620,7,0
2014,December,Mr. Trash Wheel,2014-12-17T00:00:00Z,3.48,15,550,1450,22000,34,740,1280,6,0
2014,December,Mr. Trash Wheel,2014-12-30T00:00:00Z,3.18,15,640,1670,26000,42,880,1540,6,0
2015,January,Mr. Trash Wheel,2015-01-12T00:00:00Z,2.87,17,1160,2250,31000,60,1120,2450,7,0
2015,January,Mr. Trash Wheel,2015-01-23T00:00:00Z,2,14,1570,2400,33000,37,380,910,6,0
2015,January,Mr. Trash Wheel,2015-01-26T00:00:00Z,2.14,13,1340,2650,28000,46,430,1170,5,0
2015,February,Mr. Trash Wheel,2015-02-04T00:00:00Z,2.54,15,1740,2250,22000,38,320,980,3,42.33333333
2015,March,Mr. Trash Wheel,2015-03-09T00:00:00Z,3.82,18,2870,3240,25000,26,540,860,8,63.66666667
2015,March,Mr. Trash Wheel,2015-03-13T00:00:00Z,1.83,15,3120,5430,32000,54,650,1120,16,30.5
2015,March,Mr. Trash Wheel,2015-03-27T00:00:00Z,2.02,15,2780,4980,26000,47,470,960,14,33.66666667
2015,April,Mr. Trash Wheel,2015-04-08T00:00:00Z,2.5,18,2240,2360,27000,46,270,840,13,41.66666667
2015,April,Mr. Trash Wheel,2015-04-10T00:00:00Z,3.41,15,2550,3420,32000,32,320,1260,16,56.83333333
2015,April,Mr. Trash Wheel,2015-04-19T00:00:00Z,1.83,11,1470,1840,18000,22,240,680,8,30.5
2015,April,Mr. Trash Wheel,2015-04-20T00:00:00Z,3.84,18,1240,1630,23000,18,430,760,5,64
2015,April,Mr. Trash Wheel,2015-04-20T00:00:00Z,3.22,15,1150,1420,19000,16,370,590,8,53.66666667
2015,April,Mr. Trash Wheel,2015-04-20T00:00:00Z,3.03,15,2850,3160,18000,15,350,610,11,0
2015,April,Mr. Trash Wheel,2015-04-20T00:00:00Z,2.64,18,960,1280,22000,22,450,820,7,0
2015,April,Mr. Trash Wheel,2015-04-20T00:00:00Z,3.54,15,870,1140,18000,17,330,620,6,59
2015,May,Mr. Trash Wheel,2015-05-15T00:00:00Z,1.95,9,1340,2150,22000,16,190,530,8,32.5
2015,May,Mr. Trash Wheel,2015-05-17T00:00:00Z,4.25,18,2630,3480,38000,36,1240,1760,22,70.83333333
2015,May,Mr. Trash Wheel,2015-05-17T00:00:00Z,5.62,15,1850,3270,54000,44,970,1320,28,93.66666667
2015,May,Mr. Trash Wheel,2015-05-18T00:00:00Z,3.81,15,2830,3780,48000,28,650,1130,19,63.5
2015,May,Mr. Trash Wheel,2015-05-19T00:00:00Z,3.45,18,1740,2630,32000,16,820,1250,32,57.5
2015,May,Mr. Trash Wheel,2015-05-19T00:00:00Z,3.34,15,2780,3250,37000,32,1140,1960,24,55.66666667
2015,June,Mr. Trash Wheel,2015-06-01T00:00:00Z,2.54,15,1260,1830,56000,56,1230,2140,26,42.33333333
2015,June,Mr. Trash Wheel,2015-06-09T00:00:00Z,4.66,18,2340,3460,48000,42,1620,1840,36,77.66666667
2015,June,Mr. Trash Wheel,2015-06-09T00:00:00Z,3.39,15,3240,4360,33000,23,1430,1760,24,56.5
2015,June,Mr. Trash Wheel,2015-06-09T00:00:00Z,3.17,15,940,1220,35000,18,840,960,9,52.83333333
2015,June,Mr. Trash Wheel,2015-06-09T00:00:00Z,3.15,18,830,1150,37000,26,920,1050,16,52.5
2015,June,Mr. Trash Wheel,2015-06-09T00:00:00Z,3.83,15,960,1190,33000,22,730,940,22,0
2015,June,Mr. Trash Wheel,2015-06-10T00:00:00Z,4.78,15,870,1040,32000,24,820,960,17,79.66666667
2015,June,Mr. Trash Wheel,2015-06-10T00:00:00Z,3.85,18,920,1290,34000,26,930,1020,13,0
2015,June,Mr. Trash Wheel,2015-06-10T00:00:00Z,4.48,15,1130,1370,38000,29,1270,1450,14,0
2015,June,Mr. Trash Wheel,2015-06-10T00:00:00Z,4.18,15,1060,1250,37000,27,1340,1420,21,0
2015,June,Mr. Trash Wheel,2015-06-10T00:00:00Z,3.38,18,740,930,34000,19,1130,1340,15,0
2015,June,Mr. Trash Wheel,2015-06-10T00:00:00Z,3.83,15,950,1220,35000,21,1370,1430,13,0
2015,June,Mr. Trash Wheel,2015-06-12T00:00:00Z,3.95,15,2340,3250,65000,45,2730,3340,18,0
2015,June,Mr. Trash Wheel,2015-06-15T00:00:00Z,2.44,18,2660,3420,72000,37,2430,3170,16,40.66666667
2015,June,Mr. Trash Wheel,2015-06-18T00:00:00Z,2.85,15,2430,3120,68000,35,2370,2820,22,47.5
2015,June,Mr. Trash Wheel,2015-06-24T00:00:00Z,3.43,15,2690,3370,82000,29,1910,2180,32,57.16666667
2015,June,Mr. Trash Wheel,2015-06-24T00:00:00Z,4.28,18,1540,1780,45000,24,1830,1990,18,71.33333333
2015,June,Mr. Trash Wheel,2015-06-24T00:00:00Z,3.94,15,1240,1450,37000,31,1650,1780,21,65.66666667
2015,June,Mr. Trash Wheel,2015-06-28T00:00:00Z,3.38,15,2870,3560,68000,36,2140,2450,34,56.33333333
2015,June,Mr. Trash Wheel,2015-06-28T00:00:00Z,3.45,18,2450,3240,74000,41,2320,2750,19,57.5
2015,June,Mr. Trash Wheel,2015-06-29T00:00:00Z,3.93,15,1830,2240,36000,28,1630,2450,14,65.5
2015,July,Mr. Trash Wheel,2015-07-07T00:00:00Z,4.07,15,2360,3120,82000,32,1840,2950,22,67.83333333
2015,July,Mr. Trash Wheel,2015-07-08T00:00:00Z,3.03,18,2640,3520,68000,28,1460,2630,16,50.5
2015,July,Mr. Trash Wheel,2015-07-14T00:00:00Z,3.52,15,2840,3360,65000,41,1690,2580,25,58.66666667
2015,July,Mr. Trash Wheel,2015-07-14T00:00:00Z,3.51,15,2640,3120,76000,38,2130,2760,27,58.5
2015,July,Mr. Trash Wheel,2015-07-27T00:00:00Z,3.68,18,3070,4250,82000,26,1770,2540,18,61.33333333
2015,July,Mr. Trash Wheel,2015-07-29T00:00:00Z,3.4,15,2820,3740,75000,31,2400,2940,20,56.66666667
2015,August,Mr. Trash Wheel,2015-08-04T00:00:00Z,3.72,15,2640,3250,68000,26,1860,2730,17,62
2015,August,Mr. Trash Wheel,2015-08-18T00:00:00Z,1.84,9,870,980,34000,13,750,930,56,30.66666667
2015,August,Mr. Trash Wheel,2015-08-21T00:00:00Z,3,15,3220,3460,67000,36,2170,2450,32,50
2015,August,Mr. Trash Wheel,2015-08-25T00:00:00Z,4.33,18,1980,2190,48000,21,1600,1840,22,72.16666667
2015,August,Mr. Trash Wheel,2015-08-25T00:00:00Z,4.3,15,410,540,3000,16,250,330,6,0
2015,August,Mr. Trash Wheel,2015-08-26T00:00:00Z,3.39,15,640,780,32000,18,350,560,3,0
2015,September,Mr. Trash Wheel,2015-09-11T00:00:00Z,4.08,18,2730,3140,54000,45,2430,2680,17,0
2015,September,Mr. Trash Wheel,2015-09-11T00:00:00Z,3.62,15,1360,1570,26000,25,1420,1570,13,0
2015,September,Mr. Trash Wheel,2015-09-22T00:00:00Z,2.4,7,760,1030,24000,16,780,1340,12,0
2015,September,Mr. Trash Wheel,2015-09-30T00:00:00Z,4.24,18,1240,1460,46000,43,860,920,7,0
2015,September,Mr. Trash Wheel,2015-09-30T00:00:00Z,3.31,15,800,920,32000,26,270,450,8,55.16666667
2015,October,Mr. Trash Wheel,2015-10-12T00:00:00Z,2.9,15,2540,2780,42000,54,2230,3140,16,0
2015,October,Mr. Trash Wheel,2015-10-27T00:00:00Z,2.46,18,2130,2560,34000,43,1970,2430,23,41
2015,October,Mr. Trash Wheel,2015-10-31T00:00:00Z,2.89,15,2670,2820,36000,35,2450,2830,33,48.16666667
2015,November,Mr. Trash Wheel,2015-11-20T00:00:00Z,4.46,15,1940,2230,28000,47,2960,3320,27,0
2015,December,Mr. Trash Wheel,2015-12-02T00:00:00Z,3.42,18,2140,2570,19000,62,3100,3540,15,0
2015,December,Mr. Trash Wheel,2015-12-02T00:00:00Z,3.56,15,1960,2340,21000,56,3300,4120,21,0
2015,December,Mr. Trash Wheel,2015-12-23T00:00:00Z,1.92,12,1640,2150,32000,32,2430,2660,9,32
2015,December,Mr. Trash Wheel,2015-12-24T00:00:00Z,2.9,18,1850,2670,33000,36,2770,3240,13,48.33333333
2015,December,Mr. Trash Wheel,2015-12-26T00:00:00Z,3.24,15,2370,3240,24000,42,1830,2250,22,54
2015,December,Mr. Trash Wheel,2015-12-26T00:00:00Z,4.41,15,2530,3300,41000,47,2190,3540,17,73.5
2015,December,Mr. Trash Wheel,2015-12-26T00:00:00Z,3.39,18,2720,3690,23000,22,2520,3360,27,56.5
2015,December,Mr. Trash Wheel,2015-12-26T00:00:00Z,3.27,15,2250,3180,37000,63,2740,2840,8,54.5
2016,January,Mr. Trash Wheel,2016-01-10T00:00:00Z,3.6,15,3240,4160,28000,54,1360,2580,17,60
2016,February,Mr. Trash Wheel,2016-02-02T00:00:00Z,4.06,18,3530,4620,24000,62,1850,2210,14,67.66666667
2016,February,Mr. Trash Wheel,2016-02-03T00:00:00Z,2.11,15,2340,3870,31000,46,2130,2680,21,35.16666667
2016,February,Mr. Trash Wheel,2016-02-05T00:00:00Z,3.01,15,2460,3640,27000,38,1920,2390,26,50.16666667
2016,February,Mr. Trash Wheel,2016-02-17T00:00:00Z,3.41,18,1340,1680,24000,22,1530,1940,6,56.83333333
2016,February,Mr. Trash Wheel,2016-02-19T00:00:00Z,3.66,15,950,1120,21000,32,1370,1640,4,61
2016,February,Mr. Trash Wheel,2016-02-25T00:00:00Z,4.51,15,2240,3150,36000,46,2450,3140,16,75.16666667
2016,March,Mr. Trash Wheel,2016-03-01T00:00:00Z,2.89,18,3050,3270,29000,24,1740,2250,24,48.16666667
2016,March,Mr. Trash Wheel,2016-03-11T00:00:00Z,2.89,15,1630,1820,18000,37,2150,2390,23,48.16666667
2016,March,Mr. Trash Wheel,2016-03-12T00:00:00Z,2.51,15,1120,1460,17000,43,2270,2490,18,41.83333333
2016,March,Mr. Trash Wheel,2016-03-15T00:00:00Z,3.58,18,3340,3640,45000,48,3450,3740,46,59.66666667
2016,March,Mr. Trash Wheel,2016-03-29T00:00:00Z,3.41,15,3560,3740,43000,53,3320,3570,38,56.83333333
2016,April,Mr. Trash Wheel,2016-04-08T00:00:00Z,2.79,15,2460,3150,38000,46,3540,3840,24,46.5
2016,April,Mr. Trash Wheel,2016-04-30T00:00:00Z,4.21,18,3860,4240,47000,18,3200,3470,36,70.16666667
2016,April,Mr. Trash Wheel,2016-04-30T00:00:00Z,4.88,15,3230,3640,52000,27,3750,3940,42,81.33333333
2016,April,Mr. Trash Wheel,2016-04-30T00:00:00Z,4.47,15,3760,4150,45000,40,2840,3270,23,74.5
2016,April,Mr. Trash Wheel,2016-04-30T00:00:00Z,3.29,18,3640,3520,52000,33,2530,2940,34,54.83333333
2016,May,Mr. Trash Wheel,2016-05-07T00:00:00Z,4.16,15,4230,4620,53000,34,2727,3360,38,69.33333333
2016,May,Mr. Trash Wheel,2016-05-12T00:00:00Z,2.93,15,3590,3840,47000,42,1760,2640,26,48.83333333
2016,May,Mr. Trash Wheel,2016-05-31T00:00:00Z,2.37,18,3740,4120,56000,65,1680,2530,32,39.5
2016,June,Mr. Trash Wheel,2016-06-15T00:00:00Z,2.57,15,4200,4630,38000,53,1480,1760,43,42.83333333
2016,June,Mr. Trash Wheel,2016-06-16T00:00:00Z,2.39,15,3840,3990,41000,32,1540,2030,38,39.83333333
2016,June,Mr. Trash Wheel,2016-06-21T00:00:00Z,3.98,15,4350,4120,45000,42,1630,2140,24,66.33333333
2016,June,Mr. Trash Wheel,2016-06-22T00:00:00Z,3.47,15,3960,3720,52000,38,1870,2200,35,57.83333333
2016,June,Mr. Trash Wheel,2016-06-24T00:00:00Z,3.97,18,4150,3970,48000,41,1530,1700,26,66.16666667
2016,June,Mr. Trash Wheel,2016-06-30T00:00:00Z,3.12,18,4450,4310,58000,43,2130,2410,29,52
2016,July,Mr. Trash Wheel,2016-07-01T00:00:00Z,3.17,15,3460,3820,43000,38,2240,2670,31,52.83333333
2016,July,Mr. Trash Wheel,2016-07-13T00:00:00Z,2.12,15,2850,3120,52000,53,1930,2150,28,35.33333333
2016,July,Mr. Trash Wheel,2016-07-23T00:00:00Z,2.31,18,3560,3780,65000,33,2460,2520,34,38.5
2016,July,Mr. Trash Wheel,2016-07-28T00:00:00Z,3.16,15,4130,4360,52000,54,2610,2900,26,52.66666667
2016,July,Mr. Trash Wheel,2016-07-29T00:00:00Z,4.02,15,4350,4600,55000,34,2430,2780,38,67
2016,July,Mr. Trash Wheel,2016-07-29T00:00:00Z,3.26,18,4420,4850,65000,48,2340,2580,25,54.33333333
2016,July,Mr. Trash Wheel,2016-07-31T00:00:00Z,3.82,15,2130,2240,35000,45,1830,2140,16,63.66666667
2016,July,Mr. Trash Wheel,2016-07-31T00:00:00Z,4.88,15,2450,2500,32000,33,1950,2070,24,81.33333333
2016,August,Mr. Trash Wheel,2016-08-04T00:00:00Z,5.05,18,2300,2260,16000,28,1360,1650,15,84.16666667
2016,August,Mr. Trash Wheel,2016-08-16T00:00:00Z,2.79,15,2850,3120,34000,42,2100,2630,31,46.5
2016,August,Mr. Trash Wheel,2016-08-17T00:00:00Z,3.47,15,2640,2900,38000,37,2340,2760,22,57.83333333
2016,August,Mr. Trash Wheel,2016-08-19T00:00:00Z,4.01,18,3250,3570,42000,56,2700,3020,28,66.83333333
2016,August,Mr. Trash Wheel,2016-08-24T00:00:00Z,3.18,15,2530,2740,52000,38,2810,3150,32,53
2016,September,Mr. Trash Wheel,2016-09-02T00:00:00Z,3.13,15,2780,2640,38000,21,2130,2830,15,52.16666667
2016,September,Mr. Trash Wheel,2016-09-07T00:00:00Z,2.43,18,2740,3360,24000,32,2210,2490,28,40.5
2016,September,Mr. Trash Wheel,2016-09-19T00:00:00Z,3.08,15,2530,3460,21000,38,2300,2760,33,51.33333333
2016,October,Mr. Trash Wheel,2016-10-09T00:00:00Z,2.9,15,1876,3990,27600,10,1240,1980,11,48.33333333
2016,October,Mr. Trash Wheel,2016-10-27T00:00:00Z,3,18,2340,3150,19000,46,2470,2810,37,50
2016,November,Mr. Trash Wheel,2016-11-17T00:00:00Z,2.01,15,2244,4358,27000,64,3400,3700,22,33.5
2016,November,Mr. Trash Wheel,2016-11-29T00:00:00Z,1.98,15,2980,4460,36000,18,1880,1610,11,33
2016,November,Mr. Trash Wheel,2016-11-30T00:00:00Z,2.75,18,3460,5840,16000,42,3260,3430,34,45.83333333
2016,December,Mr. Trash Wheel,2016-12-01T00:00:00Z,3.41,15,1840,4760,23000,43,3470,3800,6,56.83333333
2016,December,Mr. Trash Wheel,2016-12-06T00:00:00Z,2.55,15,1360,3850,34000,39,2340,4220,24,42.5
2016,December,Mr. Trash Wheel,2016-12-16T00:00:00Z,1.74,18,1880,2890,26000,59,2100,4040,20,29
2016,December,Mr. Trash Wheel,2017-01-02T00:00:00Z,2.13,15,2460,2740,32000,48,3250,4430,15,35.5
2017,January,Mr. Trash Wheel,2017-01-19T00:00:00Z,2.43,15,2260,2780,28000,36,2870,3640,22,40.5
2017,February,Mr. Trash Wheel,2017-02-26T00:00:00Z,2.32,18,2890,2460,30000,22,2610,3250,19,38.66666667
2017,February,Mr. Trash Wheel,2017-02-26T00:00:00Z,3.72,15,2140,1870,15000,23,2040,2450,12,62
2017,March,Mr. Trash Wheel,2017-03-30T00:00:00Z,2.14,15,2570,2930,23000,28,2650,2910,14,35.66666667
2017,March,Mr. Trash Wheel,2017-03-31T00:00:00Z,2.74,18,2030,2340,14000,18,1960,2150,18,45.66666667
2017,March,Mr. Trash Wheel,2017-03-31T00:00:00Z,2.63,15,1940,2170,12000,15,1820,1980,10,43.83333333
2017,March,Mr. Trash Wheel,2017-03-31T00:00:00Z,2.09,15,1870,2040,11000,13,1950,2210,6,34.83333333
2017,April,Mr. Trash Wheel,2017-04-01T00:00:00Z,2.67,18,1920,2130,13000,21,2230,2590,8,44.5
2017,April,Mr. Trash Wheel,2017-04-01T00:00:00Z,2.67,18,1920,2130,13000,21,2230,2590,8,44.5
2017,April,Mr. Trash Wheel,2017-04-06T00:00:00Z,3.55,15,2230,2540,2000,16,1480,1670,5,59.16666667
2017,April,Mr. Trash Wheel,2017-04-06T00:00:00Z,3.89,18,980,1120,3000,14,1500,1730,3,64.83333333
2017,April,Mr. Trash Wheel,2017-04-06T00:00:00Z,3.59,15,650,720,2000,10,1140,1450,5,59.83333333
2017,April,Mr. Trash Wheel,2017-04-06T00:00:00Z,3.13,15,430,560,4000,9,870,990,7,52.16666667
2017,April,Mr. Trash Wheel,2017-04-06T00:00:00Z,3.33,18,390,460,2000,8,720,850,2,55.5
2017,April,Mr. Trash Wheel,2017-04-07T00:00:00Z,3.11,15,490,510,3000,11,1020,1110,7,51.83333333
2017,April,Mr. Trash Wheel,2017-04-07T00:00:00Z,3.04,15,210,340,2000,12,890,1040,3,50.66666667
2017,April,Mr. Trash Wheel,2017-04-07T00:00:00Z,3.21,18,560,670,2000,15,920,1080,4,53.5
2017,April,Mr. Trash Wheel,2017-04-07T00:00:00Z,4.08,15,470,560,3000,12,780,820,5,68
2017,April,Mr. Trash Wheel,2017-04-07T00:00:00Z,3.26,15,390,450,2000,8,830,990,8,54.33333333
2017,April,Mr. Trash Wheel,2017-04-08T00:00:00Z,3.36,18,460,620,1000,9,790,830,10,56
2017,April,Mr. Trash Wheel,2017-04-08T00:00:00Z,3.62,15,530,670,2000,13,1120,1340,5,60.33333333
2017,April,Mr. Trash Wheel,2017-04-08T00:00:00Z,4.27,15,460,530,1000,12,820,1030,7,71.16666667
2017,April,Mr. Trash Wheel,2017-04-08T00:00:00Z,4.01,18,340,510,2000,10,730,910,5,66.83333333
2017,April,Mr. Trash Wheel,2017-04-08T00:00:00Z,3.88,15,360,490,1000,15,820,950,8,64.66666667
2017,April,Mr. Trash Wheel,2017-04-21T00:00:00Z,4.67,15,2540,2330,12000,32,2450,2670,10,77.83333333
2017,May,Mr. Trash Wheel,2017-05-05T00:00:00Z,3.53,18,2870,3140,16000,21,3460,3720,11,58.83333333
2017,May,Mr. Trash Wheel,2017-05-05T00:00:00Z,4.07,15,2230,2820,14000,19,3250,3890,14,67.83333333
2017,May,Mr. Trash Wheel,2017-05-06T00:00:00Z,3.93,15,2340,2530,15000,18,2890,3100,12,65.5
2017,May,Mr. Trash Wheel,2017-05-11T00:00:00Z,2.59,18,2560,2430,18000,16,3120,3240,8,43.16666667
2017,May,Mr. Trash Wheel,2017-05-11T00:00:00Z,3.81,15,2340,2250,19000,22,2830,3020,5,63.5
2017,May,Mr. Trash Wheel,2017-05-22T00:00:00Z,3.3,15,2480,2320,14000,21,2990,3120,9,55
2017,May,Mr. Trash Wheel,2017-05-22T00:00:00Z,3.84,18,2540,2410,15000,16,1980,2230,5,64
2017,May,Mr. Trash Wheel,2017-05-26T00:00:00Z,4.1,15,2980,2830,17000,18,2590,2730,14,68.33333333
2017,June,Mr. Trash Wheel,2017-06-21T00:00:00Z,4.1,18,3250,2980,21000,23,3460,3640,12,68.33333333
2017,June,Mr. Trash Wheel,2017-06-21T00:00:00Z,2.52,15,3340,3120,26000,16,2640,3010,8,42
2017,June,Mr. Trash Wheel,2017-06-27T00:00:00Z,1.95,15,2850,2560,17000,21,2430,2790,7,32.5
2017,July,Mr. Trash Wheel,2017-07-03T00:00:00Z,3.58,18,3220,3140,23000,24,2870,3160,18,59.66666667
2017,July,Mr. Trash Wheel,2017-07-03T00:00:00Z,1.5,15,2110,1920,14000,32,1780,2140,11,25
2017,July,Mr. Trash Wheel,2017-07-12T00:00:00Z,3.63,15,3670,3240,32000,34,3020,3560,22,60.5
2017,July,Mr. Trash Wheel,2017-07-27T00:00:00Z,2.21,18,2890,2710,11000,20,2890,3250,13,36.83333333
2017,July,Mr. Trash Wheel,2017-07-28T00:00:00Z,4.04,15,1460,1250,9000,12,1120,1540,21,67.33333333
2017,August,Mr. Trash Wheel,2017-08-02T00:00:00Z,3.87,15,3240,3120,18000,27,2780,3170,14,64.5
2017,August,Mr. Trash Wheel,2017-08-04T00:00:00Z,3.68,18,3530,3240,26000,25,3250,3590,9,61.33333333
2017,August,Mr. Trash Wheel,2017-08-07T00:00:00Z,2.17,15,2760,2500,19000,31,2230,2740,6,36.16666667
2017,August,Mr. Trash Wheel,2017-08-11T00:00:00Z,2.1,15,2980,2740,22000,28,2640,2930,13,35
2017,August,Mr. Trash Wheel,2017-08-18T00:00:00Z,3.7,18,2430,2010,27000,36,2910,3310,11,61.66666667
2017,August,Mr. Trash Wheel,2017-08-19T00:00:00Z,3.39,15,1500,1390,12000,42,600,750,6,56.5
2017,August,Mr. Trash Wheel,2017-08-19T00:00:00Z,3.14,15,1270,1140,9000,13,780,890,8,52.33333333
2017,August,Mr. Trash Wheel,2017-08-19T00:00:00Z,3.54,18,1340,1180,13000,31,630,1250,5,59
2017,September,Mr. Trash Wheel,2017-09-12T00:00:00Z,3.07,18,2780,2540,11000,21,1460,1870,6,51.16666667
2017,September,Mr. Trash Wheel,2017-09-25T00:00:00Z,2.15,15,2910,2890,14000,32,1870,2140,12,35.83333333
2017,October,Mr. Trash Wheel,2017-10-11T00:00:00Z,2.76,15,2760,2450,11000,24,1640,2350,8,46
2017,October,Mr. Trash Wheel,2017-10-25T00:00:00Z,2.76,18,2950,2780,10000,29,1780,2130,7,46
2017,November,Mr. Trash Wheel,2017-11-14T00:00:00Z,2.38,15,2550,2870,12000,23,1640,2210,13,39.66666667
2017,November,Mr. Trash Wheel,2017-11-15T00:00:00Z,2.02,15,2720,2980,11000,32,1870,2340,11,33.66666667
2018,January,Mr. Trash Wheel,2018-01-15T00:00:00Z,2.17,15,2540,3160,15000,28,2220,2560,12,36.16666667
2018,January,Mr. Trash Wheel,2018-01-25T00:00:00Z,2.08,15,2370,2790,21000,12,1540,2760,8,34.66666667
2018,February,Mr. Trash Wheel,2018-02-05T00:00:00Z,3.12,18,2250,3120,18000,16,1630,2800,6,52
2018,February,Mr. Trash Wheel,2018-02-05T00:00:00Z,2.45,15,1260,1670,22000,9,870,1580,4,40.83333333
2018,February,Mr. Trash Wheel,2018-02-05T00:00:00Z,3.72,15,950,1470,16000,11,920,1340,6,62
2018,February,Mr. Trash Wheel,2018-02-06T00:00:00Z,4,18,1020,1590,14000,7,1110,1850,12,66.66666667
2018,February,Mr. Trash Wheel,2018-02-11T00:00:00Z,3.54,15,2250,2560,24000,18,1430,2260,14,59
2018,February,Mr. Trash Wheel,2018-02-11T00:00:00Z,3.19,15,1130,1470,12000,10,650,1400,5,53.16666667
2018,February,Mr. Trash Wheel,2018-02-11T00:00:00Z,4.51,18,1240,1510,11000,6,710,1390,4,75.16666667
2018,February,Mr. Trash Wheel,2018-02-13T00:00:00Z,2.97,15,1950,2130,16000,3,1050,1670,8,49.5
2018,February,Mr. Trash Wheel,2018-02-13T00:00:00Z,3.78,15,1460,1620,12000,5,630,1320,3,63
2018,March,Mr. Trash Wheel,2018-03-06T00:00:00Z,2.66,15,2210,2650,18000,11,1420,1710,7,44.33333333
2018,March,Mr. Trash Wheel,2018-03-06T00:00:00Z,2.64,15,2470,2810,19000,13,1540,1980,10,44
2018,April,Mr. Trash Wheel,2018-04-16T00:00:00Z,4.3,15,2150,2300,23000,16,1320,2070,12,71.66666667
2018,April,Mr. Trash Wheel,2018-04-16T00:00:00Z,2.91,15,970,1100,8000,2,300,800,1,48.5
2018,April,Mr. Trash Wheel,2018-04-16T00:00:00Z,3.62,15,840,920,7000,3,290,650,4,60.33333333
2018,April,Mr. Trash Wheel,2018-04-16T00:00:00Z,2.4,12,790,910,8000,4,260,590,2,40
2018,April,Mr. Trash Wheel,2018-04-17T00:00:00Z,3.19,15,750,830,6000,3,190,400,4,53.16666667
2018,April,Mr. Trash Wheel,2018-04-17T00:00:00Z,3.03,15,810,890,5000,4,200,450,3,50.5
2018,April,Mr. Trash Wheel,2018-04-17T00:00:00Z,3.26,15,790,1020,6000,3,150,500,4,54.33333333
2018,April,Mr. Trash Wheel,2018-04-17T00:00:00Z,3.04,15,670,840,7000,2,230,620,3,50.66666667
2018,April,Mr. Trash Wheel,2018-04-18T00:00:00Z,3.09,15,710,910,7000,4,310,780,4,51.5
2018,April,Mr. Trash Wheel,2018-04-18T00:00:00Z,2.72,15,730,840,6000,6,280,640,2,45.33333333
2018,April,Mr. Trash Wheel,2018-04-18T00:00:00Z,3.65,15,820,980,7000,5,170,590,5,60.83333333
2018,April,Mr. Trash Wheel,2018-04-18T00:00:00Z,3.38,15,760,870,6000,3,240,720,1,56.33333333
2018,April,Mr. Trash Wheel,2018-04-18T00:00:00Z,3.44,15,670,780,6000,7,310,810,3,57.33333333
2018,April,Mr. Trash Wheel,2018-04-18T00:00:00Z,2.57,15,730,850,6000,2,110,570,2,42.83333333
2018,April,Mr. Trash Wheel,2018-04-20T00:00:00Z,3.36,15,750,870,7000,4,230,730,4,56
2018,April,Mr. Trash Wheel,2018-04-20T00:00:00Z,2.72,15,820,910,8000,3,190,610,2,45.33333333
2018,April,Mr. Trash Wheel,2018-04-26T00:00:00Z,3.81,15,1580,1870,12000,12,980,1560,3,63.5
2018,May,Mr. Trash Wheel,2018-05-12T00:00:00Z,3.36,15,2130,2340,11000,9,1140,2140,4,56
2018,May,Mr. Trash Wheel,2018-05-14T00:00:00Z,4.29,15,2350,2130,14000,5,600,2350,5,71.5
2018,May,Mr. Trash Wheel,2018-05-14T00:00:00Z,4.29,15,2460,2370,17000,3,740,2570,3,71.5
2018,May,Mr. Trash Wheel,2018-05-16T00:00:00Z,4,15,1220,1360,8000,4,350,780,2,66.66666667
2018,May,Mr. Trash Wheel,2018-05-16T00:00:00Z,3.25,15,950,890,7000,3,250,1010,3,54.16666667
2018,May,Mr. Trash Wheel,2018-05-16T00:00:00Z,1.6,15,400,320,4000,2,210,780,0,26.66666667
2018,May,Mr. Trash Wheel,2018-05-17T00:00:00Z,3.62,15,1050,1170,6000,4,470,970,2,60.33333333
2018,May,Mr. Trash Wheel,2018-05-28T00:00:00Z,3.19,15,1480,1560,8000,3,1360,2340,3,53.16666667
2018,May,Mr. Trash Wheel,2018-05-28T00:00:00Z,2.86,15,1300,1230,7000,6,1130,2140,2,47.66666667
2018,May,Mr. Trash Wheel,2018-05-28T00:00:00Z,4.1,15,1650,1490,9000,2,820,1930,1,68.33333333
2018,May,Mr. Trash Wheel,2018-05-31T00:00:00Z,3.38,15,2130,2240,11000,9,650,2350,2,56.33333333
2018,June,Mr. Trash Wheel,2018-06-03T00:00:00Z,3.35,15,2340,2580,12000,11,1130,1760,5,55.83333333
2018,June,Mr. Trash Wheel,2018-06-03T00:00:00Z,3.17,15,1890,2130,14000,6,870,1590,4,52.83333333
2018,June,Mr. Trash Wheel,2018-06-05T00:00:00Z,4.19,15,1420,1650,8000,3,590,1020,3,69.83333333
2018,June,Mr. Trash Wheel,2018-06-05T00:00:00Z,2.6,15,1280,1330,9000,3,630,1170,2,43.33333333
2018,June,Mr. Trash Wheel,2018-06-05T00:00:00Z,4.15,15,1140,1290,7000,2,570,1340,4,69.16666667
2018,June,Mr. Trash Wheel,2018-06-12T00:00:00Z,4.23,15,870,950,11000,6,890,1220,2,70.5
2018,June,Mr. Trash Wheel,2018-06-12T00:00:00Z,4.15,15,940,1130,10000,8,760,1430,8,69.16666667
2018,June,Mr. Trash Wheel,2018-06-12T00:00:00Z,4.44,15,620,730,5000,4,810,1020,3,74
2018,June,Mr. Trash Wheel,2018-06-28T00:00:00Z,3.12,15,1560,1780,13000,5,1240,1750,2,52
2018,June,Mr. Trash Wheel,2018-06-29T00:00:00Z,0.96,15,1720,1980,12000,4,1110,1500,2,16
2018,July,Mr. Trash Wheel,2018-07-18T00:00:00Z,2.99,15,1890,1630,13000,8,850,1290,3,49.83333333
2018,July,Mr. Trash Wheel,2018-07-22T00:00:00Z,3.49,15,1760,1830,10000,10,790,1340,1,58.16666667
2018,July,Mr. Trash Wheel,2018-07-24T00:00:00Z,4.39,15,890,1020,8000,4,340,710,5,73.16666667
2018,July,Mr. Trash Wheel,2018-07-24T00:00:00Z,3.57,15,710,850,6000,2,410,820,3,59.5
2018,July,Mr. Trash Wheel,2018-07-24T00:00:00Z,3.79,15,620,540,4000,2,370,560,1,63.16666667
2018,July,Mr. Trash Wheel,2018-07-24T00:00:00Z,4.24,15,780,670,5000,3,50,720,2,70.66666667
2018,July,Mr. Trash Wheel,2018-07-25T00:00:00Z,3.49,15,540,430,8000,6,410,910,7,58.16666667
2018,July,Mr. Trash Wheel,2018-07-25T00:00:00Z,4.16,15,670,720,7000,4,360,840,4,69.33333333
2018,July,Mr. Trash Wheel,2018-07-26T00:00:00Z,3.17,15,820,540,6000,8,430,750,5,52.83333333
2018,July,Mr. Trash Wheel,2018-07-28T00:00:00Z,3.31,15,540,650,10000,5,500,690,1,55.16666667
2018,July,Mr. Trash Wheel,2018-07-28T00:00:00Z,3.32,15,730,670,7000,6,290,1020,7,55.33333333
2018,July,Mr. Trash Wheel,2018-07-28T00:00:00Z,3.98,15,910,790,5000,9,370,560,2,66.33333333
2018,July,Mr. Trash Wheel,2018-07-28T00:00:00Z,3.84,15,710,630,8000,2,300,730,3,64
2018,August,Mr. Trash Wheel,2018-08-09T00:00:00Z,3.31,15,1750,990,11000,6,910,1650,6,55.16666667
2018,August,Mr. Trash Wheel,2018-08-14T00:00:00Z,4.62,18,1320,1010,4900,14,1260,920,1,77
2018,August,Mr. Trash Wheel,2018-08-14T00:00:00Z,3.74,15,2740,1130,6700,29,2100,1340,9,62.33333333
2018,August,Mr. Trash Wheel,2018-08-14T00:00:00Z,3.27,15,1120,790,4000,4,1050,1160,0,54.5
2018,August,Mr. Trash Wheel,2018-08-14T00:00:00Z,3.04,18,2100,980,3000,12,940,990,2,50.66666667
2018,September,Mr. Trash Wheel,2018-09-01T00:00:00Z,2.43,15,3110,1420,6500,38,990,1620,14,40.5
2018,September,Mr. Trash Wheel,2018-09-01T00:00:00Z,3.35,15,1200,880,5000,9,1210,1500,11,55.83333333
2018,September,Mr. Trash Wheel,2018-09-09T00:00:00Z,3.5,15,1390,870,7200,18,560,2100,6,58.33333333
2018,September,Mr. Trash Wheel,2018-09-09T00:00:00Z,4.25,18,940,600,2500,6,470,860,0,70.83333333
2018,September,Mr. Trash Wheel,2018-09-10T00:00:00Z,3.77,15,1220,940,5000,12,850,1100,4,62.83333333
2018,September,Mr. Trash Wheel,2018-09-16T00:00:00Z,2.26,15,1960,1070,7000,31,1000,1570,9,37.66666667
2018,September,Mr. Trash Wheel,2018-09-25T00:00:00Z,3.09,18,2150,950,8000,19,490,1410,16,51.5
2018,September,Mr. Trash Wheel,2018-09-25T00:00:00Z,2.95,15,2380,1250,7500,22,1500,1860,14,49.16666667
2018,October,Mr. Trash Wheel,2018-10-04T00:00:00Z,3.28,15,1440,800,4000,11,1700,2100,8,54.66666667
2018,October,Mr. Trash Wheel,2018-10-04T00:00:00Z,3.1,18,1080,610,6000,26,820,1640,8,51.66666667
2018,October,Mr. Trash Wheel,2018-10-19T00:00:00Z,3.04,15,1840,710,8000,38,1050,1820,11,50.66666667
2018,November,Mr. Trash Wheel,2018-11-04T00:00:00Z,3.11,15,2100,1420,5500,12,880,980,6,51.83333333
2018,November,Mr. Trash Wheel,2018-11-04T00:00:00Z,2.26,15,1500,1040,4000,8,1210,1440,4,37.66666667
2018,November,Mr. Trash Wheel,2018-11-04T00:00:00Z,3.46,15,660,560,3000,4,700,840,0,57.66666667
2018,November,Mr. Trash Wheel,2018-11-04T00:00:00Z,4.54,18,590,540,2000,14,390,880,4,75.66666667
2018,November,Mr. Trash Wheel,2018-11-19T00:00:00Z,3.19,15,1200,1140,6500,21,1100,1660,9,53.16666667
2018,November,Mr. Trash Wheel,2018-11-25T00:00:00Z,3.17,15,2610,1600,6000,28,940,1650,14,52.83333333
2018,November,Mr. Trash Wheel,2018-11-25T00:00:00Z,2.78,18,1820,1880,5000,8,800,1220,2,46.33333333
2018,November,Mr. Trash Wheel,2018-11-25T00:00:00Z,2.77,15,1080,1640,6000,14,640,980,0,46.16666667
2018,November,Mr. Trash Wheel,2018-11-30T00:00:00Z,3.26,15,790,1000,5500,31,1080,1140,6,54.33333333
2018,December,Mr. Trash Wheel,2018-12-17T00:00:00Z,3.53,18,1240,990,4000,20,840,1200,8,58.83333333
2018,December,Mr. Trash Wheel,2018-12-20T00:00:00Z,3.38,15,780,940,3000,10,550,840,8,56.33333333
2018,December,Mr. Trash Wheel,2018-12-20T00:00:00Z,2.96,15,480,500,1500,18,400,300,0,49.33333333
2018,December,Mr. Trash Wheel,2018-12-20T00:00:00Z,3.62,15,300,440,2000,10,250,400,4,60.33333333
2019,January,Mr. Trash Wheel,2019-01-23T00:00:00Z,2.5,15,990,1640,4500,6,990,1230,13,41.66666667
2019,January,Mr. Trash Wheel,2019-01-23T00:00:00Z,3.07,15,1110,1940,6000,21,1010,750,17,51.16666667
2019,February,Mr. Trash Wheel,2019-02-12T00:00:00Z,2.33,15,580,890,3400,0,750,1100,2,38.83333333
2019,February,Mr. Trash Wheel,2019-02-12T00:00:00Z,3.24,15,2200,2750,4600,4,1400,1750,11,54
2019,March,Mr. Trash Wheel,2019-03-05T00:00:00Z,2.52,15,1900,3300,6600,14,790,1250,14,42
2019,March,Mr. Trash Wheel,2019-03-05T00:00:00Z,2.27,14,2800,2700,8400,5,800,1400,9,37.83333333
2019,March,Mr. Trash Wheel,2019-03-22T00:00:00Z,3.06,15,840,1050,3500,3,450,840,0,51
2019,March,Mr. Trash Wheel,2019-03-22T00:00:00Z,3.33,15,680,880,2400,4,240,650,6,55.5
2019,March,Mr. Trash Wheel,2019-03-22T00:00:00Z,3.03,15,300,500,2000,0,425,750,6,50.5
2019,March,Mr. Trash Wheel,2019-03-23T00:00:00Z,2.6,15,240,450,1200,2,350,600,3,43.33333333
2019,April,Mr. Trash Wheel,2019-04-13T00:00:00Z,2.26,15,1015,990,5600,6,510,775,11,37.66666667
2019,April,Mr. Trash Wheel,2019-04-18T00:00:00Z,3.52,15,2150,2200,6450,11,780,1020,14,58.66666667
2019,April,Mr. Trash Wheel,2019-04-18T00:00:00Z,3.84,15,580,480,3100,3,250,230,4,64
2019,April,Mr. Trash Wheel,2019-04-24T00:00:00Z,3.57,15,1400,1760,5500,5,1040,1200,8,59.5
2019,April,Mr. Trash Wheel,2019-04-30T00:00:00Z,5.1,15,800,450,2400,2,240,350,1,85
2019,April,Mr. Trash Wheel,2019-04-30T00:00:00Z,3.53,15,1110,1460,7200,12,500,580,4,58.83333333
2019,May,Mr. Trash Wheel,2019-05-11T00:00:00Z,3.04,15,1980,2100,4400,6,660,680,8,50.66666667
2019,May,Mr. Trash Wheel,2019-05-11T00:00:00Z,3.07,15,1040,1240,3200,14,780,1040,14,51.16666667
2019,May,Mr. Trash Wheel,2019-05-13T00:00:00Z,3.23,15,940,1400,5990,10,1000,780,9,53.83333333
2019,May,Mr. Trash Wheel,2019-05-13T00:00:00Z,3.73,15,600,450,1200,3,240,350,4,62.16666667
2019,May,Mr. Trash Wheel,2019-05-13T00:00:00Z,3.38,15,460,840,980,4,180,250,4,56.33333333
2019,May,Mr. Trash Wheel,2019-05-13T00:00:00Z,2.92,15,980,1200,2400,18,640,800,14,48.66666667
2019,May,Mr. Trash Wheel,2019-05-15T00:00:00Z,2.83,15,1880,2440,4200,10,990,460,22,47.16666667
2019,May,Mr. Trash Wheel,2019-05-15T00:00:00Z,2.76,15,900,1300,3800,4,480,660,6,46
2019,May,Mr. Trash Wheel,2019-05-28T00:00:00Z,2.51,15,1740,2000,6400,13,600,780,9,41.83333333
2019,May,Mr. Trash Wheel,2019-05-28T00:00:00Z,2.72,15,1140,1080,5400,16,900,1080,10,45.33333333
2019,May,Mr. Trash Wheel,2019-05-31T00:00:00Z,3.19,15,2040,1250,6600,17,860,1480,8,53.16666667
2019,June,Mr. Trash Wheel,2019-06-12T00:00:00Z,3.23,15,2800,2200,7800,14,1050,2000,17,53.83333333
2019,June,Mr. Trash Wheel,2019-06-12T00:00:00Z,3.08,15,1800,2240,6300,11,600,1450,8,51.33333333
2019,June,Mr. Trash Wheel,2019-06-17T00:00:00Z,3.02,15,3300,2400,8000,18,500,1600,16,50.33333333
2019,July,Mr. Trash Wheel,2019-07-03T00:00:00Z,2.08,15,1880,1640,7200,22,800,1380,11,34.66666667
2019,July,Mr. Trash Wheel,2019-07-03T00:00:00Z,2.03,15,2000,1100,5000,18,400,1500,8,33.83333333
2019,July,Mr. Trash Wheel,2019-07-06T00:00:00Z,2.48,15,2680,980,4400,34,560,980,20,41.33333333
2019,July,Mr. Trash Wheel,2019-07-06T00:00:00Z,3.34,15,950,650,3400,4,280,680,7,55.66666667
2019,July,Mr. Trash Wheel,2019-07-06T00:00:00Z,2.69,15,3700,1500,5800,12,600,1100,8,44.83333333
2019,July,Mr. Trash Wheel,2019-07-06T00:00:00Z,2.57,15,1900,840,8800,18,880,1400,18,42.83333333
2019,July,Mr. Trash Wheel,2019-07-09T00:00:00Z,3.45,15,3600,980,8400,18,680,1440,14,57.5
2019,July,Mr. Trash Wheel,2019-07-09T00:00:00Z,2.25,15,2400,1100,9400,38,380,2040,22,37.5
2019,July,Mr. Trash Wheel,2019-07-13T00:00:00Z,2.48,15,4400,1800,7200,11,660,1340,12,41.33333333
2019,July,Mr. Trash Wheel,2019-07-13T00:00:00Z,3.13,15,980,210,1000,0,360,740,4,52.16666667
2019,July,Mr. Trash Wheel,2019-07-13T00:00:00Z,2.65,15,1980,800,4400,12,440,1800,14,44.16666667
2019,July,Mr. Trash Wheel,2019-07-19T00:00:00Z,3.96,15,3600,1400,6800,8,280,1600,32,66
2019,August,Mr. Trash Wheel,2019-08-02T00:00:00Z,2.61,15,2200,680,5000,24,740,1380,10,43.5
2019,August,Mr. Trash Wheel,2019-08-02T00:00:00Z,3.82,15,2800,980,4800,12,360,640,4,63.66666667
2019,August,Mr. Trash Wheel,2019-08-08T00:00:00Z,2.66,15,4200,1400,7800,32,240,1310,14,44.33333333
2019,August,Mr. Trash Wheel,2019-08-24T00:00:00Z,4.25,15,800,360,1800,0,100,240,0,70.83333333
2019,August,Mr. Trash Wheel,2019-08-24T00:00:00Z,2.96,15,1400,720,2200,4,180,540,6,49.33333333
2019,August,Mr. Trash Wheel,2019-08-24T00:00:00Z,4,15,1800,980,3600,8,88,980,13,66.66666667
2019,August,Mr. Trash Wheel,2019-08-24T00:00:00Z,3.17,15,2210,950,5000,24,120,960,21,52.83333333
2019,October,Mr. Trash Wheel,2019-10-18T00:00:00Z,3.07,15,980,800,2200,6,840,1100,4,51.16666667
2019,October,Mr. Trash Wheel,2019-10-18T00:00:00Z,2.41,15,2800,2020,6500,10,660,1200,12,40.16666667
2019,October,Mr. Trash Wheel,2019-10-18T00:00:00Z,3.21,15,1900,1200,6600,22,800,2100,16,53.5
2019,October,Mr. Trash Wheel,2019-10-25T00:00:00Z,3.25,15,2780,2100,7200,16,940,1980,28,54.16666667
2019,October,Mr. Trash Wheel,2019-10-28T00:00:00Z,3.43,15,2440,2000,5300,10,350,1400,12,57.16666667
2019,October,Mr. Trash Wheel,2019-10-28T00:00:00Z,3.28,15,3400,1880,7800,12,480,1580,20,54.66666667
2019,October,Mr. Trash Wheel,2019-10-28T00:00:00Z,2.66,15,920,1240,4800,0,240,560,4,44.33333333
2019,October,Mr. Trash Wheel,2019-10-30T00:00:00Z,2.98,15,1260,1480,3600,14,320,880,2,49.66666667
2019,November,Mr. Trash Wheel,2019-11-02T00:00:00Z,3.05,15,1980,1550,4900,8,180,560,12,50.83333333
2019,November,Mr. Trash Wheel,2019-11-02T00:00:00Z,2.23,15,1000,1200,6400,12,560,880,2,37.16666667
2019,November,Mr. Trash Wheel,2019-11-04T00:00:00Z,3.2,15,960,800,5500,4,340,1020,11,53.33333333
2019,November,Mr. Trash Wheel,2019-11-04T00:00:00Z,3.2,15,640,720,3400,0,210,400,4,53.33333333
2019,November,Mr. Trash Wheel,2019-11-25T00:00:00Z,3.58,15,860,980,4000,8,180,720,1,59.66666667
2019,November,Mr. Trash Wheel,2019-11-25T00:00:00Z,3.88,15,590,500,1200,0,88,190,0,64.66666667
2019,November,Mr. Trash Wheel,2019-11-25T00:00:00Z,2.25,15,1800,1680,2800,24,100,240,3,37.5
2019,December,Mr. Trash Wheel,2019-12-06T00:00:00Z,2.72,15,3600,3200,7000,8,420,1200,9,45.33333333
2019,December,Mr. Trash Wheel,2019-12-20T00:00:00Z,2.78,15,2300,2400,8400,9,360,1700,12,46.33333333
2020,January,Mr. Trash Wheel,2020-01-18T00:00:00Z,2.75,15,3900,2100,12500,15,750,1100,16,45.83333333
2020,January,Mr. Trash Wheel,2020-01-18T00:00:00Z,1.8,15,2900,1800,10400,8,850,1800,12,30
2020,January,Mr. Trash Wheel,2020-01-19T00:00:00Z,2.9,15,1850,1100,9800,12,550,980,8,48.33333333
2020,January,Mr. Trash Wheel,2020-01-27T00:00:00Z,2.54,15,3400,2400,12000,21,1040,1450,6,42.33333333
2020,January,Mr. Trash Wheel,2020-01-27T00:00:00Z,2.18,15,980,900,6500,4,720,840,14,36.33333333
2020,January,Mr. Trash Wheel,2020-01-27T00:00:00Z,3.24,15,750,640,5400,8,440,640,2,54
2020,January,Mr. Trash Wheel,2020-01-27T00:00:00Z,3.07,15,500,440,4200,4,500,560,6,51.16666667
2020,January,Mr. Trash Wheel,2020-01-30T00:00:00Z,2.8,15,3200,2400,9600,14,980,1200,14,46.66666667
2020,January,Mr. Trash Wheel,2020-01-30T00:00:00Z,2.8,15,3800,2700,9400,12,660,980,10,46.66666667
2020,February,Mr. Trash Wheel,2020-02-10T00:00:00Z,1.9,15,1850,980,8000,2,880,1040,9,31.66666667
2020,March,Mr. Trash Wheel,2020-03-02T00:00:00Z,2.34,15,2800,2000,7200,18,420,800,16,39
2020,March,Mr. Trash Wheel,2020-03-24T00:00:00Z,2.15,15,980,900,5600,4,500,1000,7,35.83333333
2020,March,Mr. Trash Wheel,2020-03-30T00:00:00Z,3.86,15,3200,2700,11000,18,840,1040,11,64.33333333
2020,April,Mr. Trash Wheel,2020-04-11T00:00:00Z,3.98,15,2800,2100,5900,13,1050,1640,6,66.33333333
2020,April,Mr. Trash Wheel,2020-04-14T00:00:00Z,4.62,15,2640,1880,6800,20,860,1200,14,77
2020,April,Mr. Trash Wheel,2020-04-14T00:00:00Z,3.36,15,1200,840,2000,0,460,800,8,56
2020,April,Mr. Trash Wheel,2020-04-14T00:00:00Z,2.91,15,510,490,1800,4,140,380,4,48.5
2020,April,Mr. Trash Wheel,2020-04-15T00:00:00Z,3.5,15,660,360,1700,7,100,340,4,58.33333333
2020,April,Mr. Trash Wheel,2020-04-15T00:00:00Z,3.13,15,480,290,1100,9,80,290,2,52.16666667
2020,April,Mr. Trash Wheel,2020-04-23T00:00:00Z,3.06,15,2900,2200,5500,11,400,1600,14,51
2020,April,Mr. Trash Wheel,2020-04-25T00:00:00Z,3.17,15,2300,1200,4200,22,480,980,19,52.83333333
2020,May,Mr. Trash Wheel,2020-05-02T00:00:00Z,4.22,15,1980,1480,4900,12,600,680,16,70.33333333
2020,May,Mr. Trash Wheel,2020-05-02T00:00:00Z,3.68,15,1040,880,5200,20,550,1040,22,61.33333333
2020,May,Mr. Trash Wheel,2020-05-02T00:00:00Z,4,15,900,600,3400,4,380,450,12,66.66666667
2020,June,Mr. Trash Wheel,2020-06-06T00:00:00Z,3.98,15,3400,2400,4000,8,280,1100,24,66.33333333
2020,June,Mr. Trash Wheel,2020-06-06T00:00:00Z,2.55,15,1800,850,4200,22,440,760,12,42.5
2020,June,Mr. Trash Wheel,2020-06-19T00:00:00Z,0.78,15,3000,2700,5800,12,300,900,10,13
2020,June,Mr. Trash Wheel,2020-06-22T00:00:00Z,3.04,15,2800,1400,6000,18,560,1010,10,50.66666667
2020,June,Mr. Trash Wheel,2020-06-22T00:00:00Z,3,15,950,750,3400,24,240,770,1,50
2020,June,Mr. Trash Wheel,2020-06-24T00:00:00Z,3.79,15,3800,2100,4300,13,450,960,14,63.16666667
2020,June,Mr. Trash Wheel,2020-06-24T00:00:00Z,3.84,15,800,880,2100,4,140,540,0,64
2020,June,Mr. Trash Wheel,2020-06-24T00:00:00Z,3.96,15,760,980,1800,2,80,280,4,66
2020,June,Mr. Trash Wheel,2020-06-24T00:00:00Z,3.29,15,540,320,1400,8,100,180,0,54.83333333
2020,June,Mr. Trash Wheel,2020-06-24T00:00:00Z,3.35,15,340,290,2100,2,74,310,2,55.83333333
2020,June,Mr. Trash Wheel,2020-06-25T00:00:00Z,3.44,15,600,340,1200,6,120,290,3,57.33333333
2020,June,Mr. Trash Wheel,2020-06-25T00:00:00Z,3.78,15,480,340,1300,14,200,340,6,63
2020,July,Mr. Trash Wheel,2020-07-02T00:00:00Z,2.93,15,2100,1200,5100,15,680,1020,11,48.83333333
2020,July,Mr. Trash Wheel,2020-07-08T00:00:00Z,3.34,15,1840,1440,4200,19,500,850,15,55.66666667
2020,July,Mr. Trash Wheel,2020-07-13T00:00:00Z,2.14,15,1100,980,3200,12,400,640,12,35.66666667
2020,July,Mr. Trash Wheel,2020-07-24T00:00:00Z,3.1,15,2650,1300,4900,18,690,900,8,51.66666667
2020,July,Mr. Trash Wheel,2020-07-24T00:00:00Z,3.05,15,1900,990,3750,14,500,750,19,50.83333333
2020,July,Mr. Trash Wheel,2020-07-27T00:00:00Z,3.11,15,900,660,3050,8,350,360,12,51.83333333
2020,July,Mr. Trash Wheel,2020-07-27T00:00:00Z,3.32,15,1880,950,3900,10,380,480,10,55.33333333
2020,August,Mr. Trash Wheel,2020-08-03T00:00:00Z,2.92,15,1240,880,3100,14,300,400,24,48.66666667
2020,August,Mr. Trash Wheel,2020-08-11T00:00:00Z,2.98,15,3000,2250,5000,20,800,1100,16,49.66666667
2020,August,Mr. Trash Wheel,2020-08-11T00:00:00Z,1.89,15,2300,900,4750,20,660,740,9,31.5
2020,August,Mr. Trash Wheel,2020-08-18T00:00:00Z,2.7,15,1400,840,3200,12,350,760,10,45
2020,August,Mr. Trash Wheel,2020-08-26T00:00:00Z,1.41,15,2050,1250,4400,16,280,680,16,23.5
2020,September,Mr. Trash Wheel,2020-09-04T00:00:00Z,3.52,15,3250,1500,4000,14,820,800,12,58.66666667
2020,September,Mr. Trash Wheel,2020-09-04T00:00:00Z,3.39,15,2100,1420,3200,10,680,650,20,56.5
2020,September,Mr. Trash Wheel,2020-09-12T00:00:00Z,2.36,15,2450,1640,4500,18,500,640,18,39.33333333
2020,October,Mr. Trash Wheel,2020-10-01T00:00:00Z,3.19,15,4050,2500,6400,21,480,1050,21,53.16666667
2020,October,Mr. Trash Wheel,2020-10-30T00:00:00Z,3.02,15,3800,2200,5200,18,750,900,24,50.33333333
2020,October,Mr. Trash Wheel,2020-10-30T00:00:00Z,2.98,15,3000,1850,3000,12,680,880,14,49.66666667
2020,October,Mr. Trash Wheel,2020-10-31T00:00:00Z,3.39,15,2200,1200,3200,12,300,480,8,56.5
2020,November,Mr. Trash Wheel,2020-11-13T00:00:00Z,4.29,15,3500,2500,4900,20,480,720,11,71.5
2020,November,Mr. Trash Wheel,2020-11-13T00:00:00Z,3.62,15,1800,1000,3300,8,280,640,8,60.33333333
2020,November,Mr. Trash Wheel,2020-11-13T00:00:00Z,2.45,15,1250,900,2200,10,300,480,9,40.83333333
2020,December,Mr. Trash Wheel,2020-12-01T00:00:00Z,2.92,15,2200,980,5600,21,500,840,14,48.66666667
2020,December,Mr. Trash Wheel,2020-12-01T00:00:00Z,3.07,15,1640,800,4100,10,280,480,21,51.16666667
2020,December,Mr. Trash Wheel,2020-12-01T00:00:00Z,2.42,15,1080,750,3800,14,360,380,18,40.33333333
2020,December,Mr. Trash Wheel,2020-12-03T00:00:00Z,3.11,15,1790,1040,4900,19,480,540,12,51.83333333
2020,December,Mr. Trash Wheel,2020-12-03T00:00:00Z,2.92,15,2080,1100,5200,24,280,640,16,48.66666667
2020,December,Mr. Trash Wheel,2020-12-09T00:00:00Z,1.94,15,1600,880,3800,24,360,480,21,32.33333333
2020,December,Mr. Trash Wheel,2020-12-18T00:00:00Z,3.02,15,2200,1080,4050,12,400,400,10,50.33333333
2020,December,Mr. Trash Wheel,2020-12-26T00:00:00Z,2.79,15,2000,980,3600,15,280,640,14,46.5
2020,December,Mr. Trash Wheel,2020-12-26T00:00:00Z,2.01,15,1200,780,3200,20,500,360,20,33.5
2020,December,Mr. Trash Wheel,2020-12-26T00:00:00Z,3.35,15,980,600,2800,21,280,480,8,55.83333333
2020,December,Mr. Trash Wheel,2020-12-26T00:00:00Z,3.34,15,800,640,2700,12,380,450,28,55.66666667
2020,December,Mr. Trash Wheel,2020-12-26T00:00:00Z,3.08,15,1200,720,4200,18,270,720,0,51.33333333
2020,December,Mr. Trash Wheel,2020-12-30T00:00:00Z,2.73,15,1800,780,4200,14,270,280,14,45.5
2020,December,Mr. Trash Wheel,2020-12-30T00:00:00Z,2.12,15,1440,600,3600,21,420,360,15,35.33333333
2021,January,Mr. Trash Wheel,2021-01-04T00:00:00Z,2.81,15,1600,840,3400,24,320,540,12,46.83333333
2021,February,Mr. Trash Wheel,2021-02-17T00:00:00Z,2.43,15,2400,1100,4400,9,980,1050,10,46.83333333
2021,March,Mr. Trash Wheel,2021-03-03T00:00:00Z,2.69,15,1900,860,3800,14,1000,750,18,44.83333333
2021,March,Mr. Trash Wheel,2021-03-23T00:00:00Z,1.83,15,2100,900,4200,16,680,800,12,30.5
2021,March,Mr. Trash Wheel,2021-03-25T00:00:00Z,3.14,15,1200,500,3300,8,580,720,8,52.33333333
2021,March,Mr. Trash Wheel,2021-03-25T00:00:00Z,2.72,15,720,280,2800,20,320,420,14,45.33333333
2021,March,Mr. Trash Wheel,2021-03-25T00:00:00Z,3.34,15,800,240,2700,4,180,380,6,55.66666667
2021,March,Mr. Trash Wheel,2021-03-27T00:00:00Z,3.64,15,2200,750,3000,24,540,740,14,60.66666667
2021,March,Mr. Trash Wheel,2021-03-27T00:00:00Z,2.95,15,1600,880,4200,12,480,890,20,49.16666667
2021,March,Mr. Trash Wheel,2021-03-27T00:00:00Z,2.34,15,1000,280,2400,0,400,960,12,39
2021,March,Mr. Trash Wheel,2021-03-31T00:00:00Z,2.55,15,3000,720,3600,21,720,1200,21,42.5
2021,April,Mr. Trash Wheel,2021-04-13T00:00:00Z,3.5,15,2700,1400,4400,12,810,1050,14,58.33333333
2021,May,Mr. Trash Wheel,2021-05-06T00:00:00Z,5.03,15,2300,840,5000,28,640,980,18,83.83333333
2021,May,Mr. Trash Wheel,2021-05-06T00:00:00Z,3.9,15,1900,560,3900,14,590,1010,26,65
2021,May,Mr. Trash Wheel,2021-05-28T00:00:00Z,3.66,15,5800,600,5400,20,700,880,30,61
2021,May,Mr. Trash Wheel,2021-05-28T00:00:00Z,3.69,15,1800,440,3400,22,540,980,14,61.5
2021,June,Mr. Trash Wheel,2021-06-01T00:00:00Z,3.77,15,2200,480,4000,12,400,600,18,49.16666667
2021,June,Mr. Trash Wheel,2021-06-01T00:00:00Z,4.27,15,3400,360,5400,28,720,1000,20,71.16666667
2021,June,Mr. Trash Wheel,2021-06-04T00:00:00Z,3.03,15,4400,480,4800,34,720,980,22,50.5
2021,June,Mr. Trash Wheel,2021-06-11T00:00:00Z,3.83,15,3400,660,6000,22,560,800,21,63.83333333
2021,June,Mr. Trash Wheel,2021-06-11T00:00:00Z,3.3,15,2500,360,4400,18,320,720,12,55
2021,June,Mr. Trash Wheel,2021-06-11T00:00:00Z,3.9,15,1600,290,2800,16,300,540,14,65
2021,June,Mr. Trash Wheel,2021-06-12T00:00:00Z,2.78,15,1200,250,2700,10,320,360,8,46.33333333
2021,June,Mr. Trash Wheel,2021-06-12T00:00:00Z,2.67,15,1040,200,2700,12,480,320,10,44.5
2021,June,Mr. Trash Wheel,2021-06-15T00:00:00Z,3.58,15,4400,640,5000,30,600,1080,28,59.66666667
2021,July,Mr. Trash Wheel,2021-07-02T00:00:00Z,4.5,15,4800,720,6200,32,810,1200,30,75
2021,July,Mr. Trash Wheel,2021-07-02T00:00:00Z,3.91,15,1800,180,2900,21,300,600,12,65.16666667
2021,July,Mr. Trash Wheel,2021-07-14T00:00:00Z,1.32,15,3600,640,4800,16,440,840,18,22
2021,August,Mr. Trash Wheel,2021-08-03T00:00:00Z,2.31,15,3000,340,4800,24,320,480,18,38.5
2021,August,Mr. Trash Wheel,2021-08-12T00:00:00Z,3.66,15,4200,540,5400,28,680,1100,28,61
2021,August,Mr. Trash Wheel,2021-08-12T00:00:00Z,2.07,15,1400,120,2400,12,180,940,8,34.5
2021,August,Mr. Trash Wheel,2021-08-16T00:00:00Z,3.8,15,2800,340,3400,16,290,800,12,63.33333333
2021,August,Mr. Trash Wheel,2021-08-16T00:00:00Z,3.97,15,1800,140,2400,10,200,540,12,66.16666667
2021,August,Mr. Trash Wheel,2021-08-20T00:00:00Z,5.2,15,3400,660,4200,24,480,960,24,86.66666667
2021,September,Mr. Trash Wheel,2021-09-01T00:00:00Z,2,15,2600,420,5200,20,220,640,18,33.33333333
2021,September,Mr. Trash Wheel,2021-09-02T00:00:00Z,1.66,15,3300,510,4900,22,340,1010,14,27.66666667
2021,September,Mr. Trash Wheel,2021-09-02T00:00:00Z,2.18,15,4100,680,5400,12,280,940,20,36.33333333
2021,September,Mr. Trash Wheel,2021-09-03T00:00:00Z,4.01,15,1800,350,3800,18,180,690,10,66.83333333
2021,September,Mr. Trash Wheel,2021-09-15T00:00:00Z,2.9,15,3500,480,4900,24,200,1050,28,48.33333333
2021,September,Mr. Trash Wheel,2021-09-24T00:00:00Z,4.12,15,2900,500,3300,30,340,890,14,68.66666667
2021,September,Mr. Trash Wheel,2021-09-24T00:00:00Z,4,15,850,100,1800,2,100,440,2,66.66666667
2021,September,Mr. Trash Wheel,2021-09-24T00:00:00Z,2.92,15,680,180,2000,8,75,360,14,48.66666667
2021,October,Mr. Trash Wheel,2021-10-26T00:00:00Z,3.38,15,3100,380,4500,18,180,980,22,56.33333333
2021,October,Mr. Trash Wheel,2021-10-26T00:00:00Z,3.81,15,1750,400,4800,30,220,740,12,63.5
2021,October,Mr. Trash Wheel,2021-10-26T00:00:00Z,2.61,15,980,120,2800,16,140,1000,20,43.5
2021,November,Mr. Trash Wheel,2021-11-01T00:00:00Z,3.02,15,2800,400,5500,24,240,880,32,50.33333333
2021,November,Mr. Trash Wheel,2021-11-01T00:00:00Z,2.54,15,1200,320,3000,12,150,400,2,42.33333333
2021,November,Mr. Trash Wheel,2021-11-01T00:00:00Z,3.09,15,840,240,1400,4,80,280,6,51.5
2021,November,Mr. Trash Wheel,2021-11-01T00:00:00Z,3.73,15,1040,250,2200,11,100,320,18,62.16666667
2021,November,Mr. Trash Wheel,2021-11-01T00:00:00Z,3.89,15,500,75,1500,10,110,460,4,64.83333333
2021,November,Mr. Trash Wheel,2021-11-02T00:00:00Z,3.9,15,800,100,1800,6,75,380,8,65
2021,November,Mr. Trash Wheel,2021-11-02T00:00:00Z,3.72,15,640,140,2000,12,100,500,2,62
2021,November,Mr. Trash Wheel,2021-11-02T00:00:00Z,2.66,15,900,150,1000,4,50,250,1,44.33333333
2021,November,Mr. Trash Wheel,2021-11-03T00:00:00Z,3.55,15,660,95,2800,24,100,375,20,59.16666667
2021,November,Mr. Trash Wheel,2021-11-03T00:00:00Z,2.8,15,750,150,1400,15,190,550,16,46.66666667
2021,November,Mr. Trash Wheel,2021-11-13T00:00:00Z,3.22,15,3800,450,4800,32,175,640,28,53.66666667
2021,December,Mr. Trash Wheel,2021-12-07T00:00:00Z,1.9,15,2900,290,4200,20,200,840,32,31.66666667
2021,December,Mr. Trash Wheel,2021-12-31T00:00:00Z,1.83,15,1800,320,3900,28,180,800,12,30.5
2022,January,Mr. Trash Wheel,2022-01-05T00:00:00Z,2.2,15,2700,220,5100,34,200,610,15,36.66666667
2022,January,Mr. Trash Wheel,2022-01-18T00:00:00Z,2.99,15,4200,520,4000,40,480,500,20,49.83333333
2022,January,Mr. Trash Wheel,2022-01-18T00:00:00Z,3.12,15,3000,325,3300,11,190,900,30,52
2022,January,Mr. Trash Wheel,2022-01-19T00:00:00Z,2.86,15,1200,80,2200,10,140,400,12,47.66666667
2022,January,Mr. Trash Wheel,2022-01-19T00:00:00Z,2.72,15,600,70,1000,13,24,180,4,45.33333333
2022,February,Mr. Trash Wheel,2022-02-21T00:00:00Z,2.71,15,3100,220,4400,28,110,650,36,45.16666667
2022,March,Mr. Trash Wheel,2022-03-11T00:00:00Z,2.15,15,4400,210,5200,30,140,500,28,35.83333333
2022,March,Mr. Trash Wheel,2022-03-25T00:00:00Z,4.66,15,2800,140,3300,18,80,550,36,77.66666667
2022,March,Mr. Trash Wheel,2022-03-25T00:00:00Z,2.35,15,1100,100,3000,24,100,600,12,39.16666667
2022,April,Mr. Trash Wheel,2022-04-02T00:00:00Z,2.75,15,3400,240,4800,34,81,800,18,45.83333333
2022,April,Mr. Trash Wheel,2022-04-07T00:00:00Z,2.59,15,2800,200,5000,10,120,540,21,43.16666667
2022,April,Mr. Trash Wheel,2022-04-07T00:00:00Z,3.7,15,800,64,1200,6,50,350,2,61.66666667
2022,April,Mr. Trash Wheel,2022-04-07T00:00:00Z,2.61,15,1800,110,2300,20,120,460,14,43.5
2022,April,Mr. Trash Wheel,2022-04-08T00:00:00Z,3.97,15,540,50,900,4,64,240,0,66.16666667
2022,April,Mr. Trash Wheel,2022-04-29T00:00:00Z,4.51,15,3300,300,4200,34,140,640,20,75.16666667
2022,May,Mr. Trash Wheel,2022-05-11T00:00:00Z,2.83,15,2800,220,3600,22,180,780,30,47.16666667
2022,May,Mr. Trash Wheel,2022-05-11T00:00:00Z,4.14,15,900,48,1200,8,80,580,8,69
2022,May,Mr. Trash Wheel,2022-05-17T00:00:00Z,3.21,15,2100,110,5000,24,140,900,28,53.5
2022,May,Mr. Trash Wheel,2022-05-24T00:00:00Z,3.83,15,3200,200,6200,40,120,1000,40,63.83333333
2022,May,Mr. Trash Wheel,2022-05-31T00:00:00Z,3.97,15,1440,75,3600,22,80,440,14,66.16666667
2022,May,Mr. Trash Wheel,2022-05-31T00:00:00Z,4.02,15,800,50,1800,10,64,320,6,67
2022,May,Mr. Trash Wheel,2022-05-31T00:00:00Z,3.76,15,540,110,1100,4,50,450,12,62.66666667
2022,June,Mr. Trash Wheel,2022-06-01T00:00:00Z,3.18,15,2900,420,3800,12,240,1100,9,53
2022,June,Mr. Trash Wheel,2022-06-10T00:00:00Z,4.02,15,2000,340,2900,8,320,880,20,67
2022,June,Mr. Trash Wheel,2022-06-10T00:00:00Z,3.36,15,960,120,1500,14,96,640,10,56
2022,June,Mr. Trash Wheel,2022-06-11T00:00:00Z,1.64,10,3200,290,4200,9,380,1000,6,27.33333333
2022,June,Mr. Trash Wheel,2022-06-11T00:00:00Z,3.76,15,1250,100,2100,24,200,960,18,62.66666667
2022,June,Mr. Trash Wheel,2022-06-29T00:00:00Z,1.97,15,2900,360,3200,12,400,840,14,32.83333333
2022,June,Mr. Trash Wheel,2022-06-29T00:00:00Z,3.96,15,2100,240,4800,20,360,1200,21,66
2022,July,Mr. Trash Wheel,2022-07-05T00:00:00Z,3.77,15,3600,320,5000,12,330,1400,18,62.83333333
2022,July,Mr. Trash Wheel,2022-07-05T00:00:00Z,3.25,15,1400,120,3600,22,280,980,30,54.16666667
2022,July,Mr. Trash Wheel,2022-07-15T00:00:00Z,2.75,15,3900,200,4200,21,210,1200,18,45.83333333
2022,July,Mr. Trash Wheel,2022-07-18T00:00:00Z,2.7,15,3000,240,4400,24,270,1100,12,45
2022,July,Mr. Trash Wheel,2022-07-18T00:00:00Z,3.39,15,1800,96,2800,4,120,980,10,56.5
2022,July,Mr. Trash Wheel,2022-07-21T00:00:00Z,2.82,15,2700,180,3800,10,200,860,21,47
2022,July,Mr. Trash Wheel,2022-07-27T00:00:00Z,2.03,15,2400,120,4400,28,360,1500,24,33.83333333
2022,July,Mr. Trash Wheel,2022-07-29T00:00:00Z,1.69,13,2900,210,4900,16,290,900,12,28.16666667
2022,August,Mr. Trash Wheel,2022-08-09T00:00:00Z,2.84,15,1400,280,3500,12,140,750,20,47.33333333
2022,August,Mr. Trash Wheel,2022-08-19T00:00:00Z,2.25,15,3900,340,5500,20,200,1100,30,37.5
2022,September,Mr. Trash Wheel,2022-09-09T00:00:00Z,3.09,15,4200,390,4800,10,180,960,21,51.5
2022,September,Mr. Trash Wheel,2022-09-13T00:00:00Z,3.67,15,2800,120,4200,12,150,1000,36,61.16666667
2022,September,Mr. Trash Wheel,2022-09-14T00:00:00Z,3.64,15,1900,200,6300,8,80,1260,14,60.66666667
2022,September,Mr. Trash Wheel,2022-09-14T00:00:00Z,3.78,15,960,75,2900,11,100,660,8,63
2022,September,Mr. Trash Wheel,2022-09-14T00:00:00Z,3.69,15,640,50,1800,24,140,500,6,61.5
2022,September,Mr. Trash Wheel,2022-09-15T00:00:00Z,3.88,15,750,84,2200,9,72,480,18,64.66666667
2022,September,Mr. Trash Wheel,2022-09-15T00:00:00Z,4.18,15,500,48,1800,10,84,360,5,69.66666667
2022,October,Mr. Trash Wheel,2022-10-07T00:00:00Z,2.73,14,3500,280,4900,21,210,1000,21,45.5
2022,October,Mr. Trash Wheel,2022-10-07T00:00:00Z,4.39,15,2900,320,5500,36,180,1360,18,73.16666667
2022,November,Mr. Trash Wheel,2022-11-10T00:00:00Z,2.03,15,2100,100,4900,42,150,1600,30,33.83333333
2022,November,Mr. Trash Wheel,2022-11-14T00:00:00Z,3.12,15,3200,280,5400,24,200,1200,32,52
2022,November,Mr. Trash Wheel,2022-11-22T00:00:00Z,2.27,15,1800,150,2900,12,160,980,21,37.83333333
2022,December,Mr. Trash Wheel,2022-12-09T00:00:00Z,2.54,15,1500,84,3900,36,190,1400,40,42.33333333
2022,December,Mr. Trash Wheel,2022-12-17T00:00:00Z,3.27,15,2100,120,4200,18,220,1600,21,54.5
2022,December,Mr. Trash Wheel,2022-12-17T00:00:00Z,2.79,15,1000,48,2100,8,64,900,14,46.5
2022,December,Mr. Trash Wheel,2022-12-21T00:00:00Z,3.15,15,2900,320,4800,21,180,1900,36,52.5
2022,December,Mr. Trash Wheel,2022-12-28T00:00:00Z,3.02,15,1600,100,3600,24,200,2000,27,50.33333333
2022,December,Mr. Trash Wheel,2022-12-29T00:00:00Z,3.36,15,2100,120,1800,21,110,1600,14,56
2023,January,Mr. Trash Wheel,2023-01-27T00:00:00Z,3.23,15,1700,210,2900,15,180,1500,10,53.83333333
2023,February,Mr. Trash Wheel,2023-02-20T00:00:00Z,3.03,15,2400,300,3300,21,210,1100,21,50.5
2023,February,Mr. Trash Wheel,2023-02-20T00:00:00Z,3.53,15,3600,280,4200,24,240,2200,30,58.83333333
2023,March,Mr. Trash Wheel,2023-03-06T00:00:00Z,3.14,15,2700,180,3200,18,270,1700,20,52.33333333
2023,March,Mr. Trash Wheel,2023-03-29T00:00:00Z,3.41,15,2900,200,3000,20,200,1400,14,56.83333333
2023,April,Mr. Trash Wheel,2023-04-17T00:00:00Z,4.78,15,1800,90,2400,16,170,980,11,79.66666667
2023,April,Mr. Trash Wheel,2023-04-17T00:00:00Z,5.31,15,2200,210,3800,30,280,1800,28,88.5
2023,April,Mr. Trash Wheel,2023-04-20T00:00:00Z,2.97,15,3000,280,4000,22,320,2100,18,49.5
2023,April,Mr. Trash Wheel,2023-04-24T00:00:00Z,3.66,15,2100,200,3300,21,260,2100,24,61
2023,April,Mr. Trash Wheel,2023-04-24T00:00:00Z,4.87,15,1000,64,1900,10,120,900,9,81.16666667
2023,April,Mr. Trash Wheel,2023-04-24T00:00:00Z,5.31,15,2700,190,3600,32,340,2000,32,88.5
2023,May,Mr. Trash Wheel,2023-05-04T00:00:00Z,3.66,15,2200,420,4100,27,290,2300,40,61
2023,May,Mr. Trash Wheel,2023-05-04T00:00:00Z,2.62,15,3100,380,2900,40,220,1800,21,43.66666667
2023,June,Mr. Trash Wheel,2023-06-28T00:00:00Z,3.56,15,3400,480,4400,36,310,2200,27,59.33333333
2023,June,Mr. Trash Wheel,2023-06-28T00:00:00Z,3.79,15,4000,390,4200,32,400,1400,38,63.16666667
2023,June,Mr. Trash Wheel,2023-06-28T00:00:00Z,2.28,10,2100,300,3300,12,240,1000,18,38
2023,June,Mr. Trash Wheel,2023-06-29T00:00:00Z,3.9,15,1900,220,4700,30,180,2100,21,65
2023,July,Mr. Trash Wheel,2023-07-03T00:00:00Z,4.08,15,2300,310,3900,27,220,1400,30,68
2023,July,Mr. Trash Wheel,2023-07-05T00:00:00Z,4.36,15,3200,270,5200,21,320,1800,27,72.66666667
2023,July,Mr. Trash Wheel,2023-07-05T00:00:00Z,4.23,15,1200,180,2500,18,190,1500,14,70.5
2023,July,Mr. Trash Wheel,2023-07-10T00:00:00Z,3.71,15,3400,400,4500,22,280,2200,27,61.83333333
2023,July,Mr. Trash Wheel,2023-07-10T00:00:00Z,3.58,15,2100,200,3200,29,250,1800,21,59.66666667
2023,July,Mr. Trash Wheel,2023-07-10T00:00:00Z,3.79,15,980,80,1400,6,150,980,2,63.16666667
2023,July,Mr. Trash Wheel,2023-07-10T00:00:00Z,3.88,15,540,48,980,0,120,450,8,64.66666667
2023,July,Mr. Trash Wheel,2023-07-10T00:00:00Z,3.81,15,1100,100,2100,12,48,900,12,63.5
2023,July,Mr. Trash Wheel,2023-07-11T00:00:00Z,3.82,15,750,50,1200,10,110,1200,10,63.66666667
2023,July,Mr. Trash Wheel,2023-07-24T00:00:00Z,1.89,10,1800,160,3200,24,220,1700,24,31.5
2023,July,Mr. Trash Wheel,2023-07-24T00:00:00Z,3.58,15,2300,390,5000,32,360,2400,30,59.66666667
2023,July,Mr. Trash Wheel,2023-07-31T00:00:00Z,3.67,15,3400,480,5800,24,440,3000,18,61.16666667
2023,July,Mr. Trash Wheel,2023-07-31T00:00:00Z,2.91,15,2700,300,4200,38,220,1800,30,48.5
2023,August,Mr. Trash Wheel,2023-08-08T00:00:00Z,4.44,15,3000,440,5400,21,330,1400,24,74
2023,August,Mr. Trash Wheel,2023-08-09T00:00:00Z,3.41,15,3800,350,6000,18,120,2100,40,56.83333333
2023,August,Mr. Trash Wheel,2023-08-10T00:00:00Z,3.83,15,4200,480,4800,40,270,2400,21,63.83333333
2023,August,Mr. Trash Wheel,2023-08-10T00:00:00Z,2.67,15,1800,90,3800,27,420,1850,42,44.5
2023,August,Mr. Trash Wheel,2023-08-14T00:00:00Z,2.15,10,2000,290,4300,24,400,3000,36,35.83333333
2023,August,Mr. Trash Wheel,2023-08-17T00:00:00Z,3.08,15,3300,400,5500,44,310,1100,10,51.33333333
2023,September,Mr. Trash Wheel,2023-09-11T00:00:00Z,2.77,15,4200,500,4200,18,540,2900,30,46.16666667
2023,September,Mr. Trash Wheel,2023-09-11T00:00:00Z,3.55,15,1200,210,3100,10,200,1400,6,59.16666667
2023,September,Mr. Trash Wheel,2023-09-12T00:00:00Z,3.51,15,2200,340,4400,20,140,2000,20,58.5
2023,september,Mr. Trash Wheel,2023-09-12T00:00:00Z,3.32,15,850,150,1800,8,180,1500,18,55.33333333
2023,September,Mr. Trash Wheel,2023-09-12T00:00:00Z,3.1,15,980,80,2100,16,80,1100,4,51.66666667
2023,September,Mr. Trash Wheel,2023-09-13T00:00:00Z,3.97,15,300,50,1500,12,120,600,0,66.16666667
2023,September,Mr. Trash Wheel,2023-09-13T00:00:00Z,2.86,15,450,120,900,0,100,800,0,47.66666667
2023,September,Mr. Trash Wheel,2023-09-13T00:00:00Z,3.53,15,80,20,500,4,40,350,2,58.83333333
2023,September,Mr. Trash Wheel,2023-09-19T00:00:00Z,2.39,10,1800,240,3600,24,280,2100,27,39.83333333
2023,September,Mr. Trash Wheel,2023-09-19T00:00:00Z,3.26,15,2200,380,4800,40,410,2700,18,54.33333333
2023,September,Mr. Trash Wheel,2023-09-26T00:00:00Z,3.55,15,3400,360,4200,20,300,1200,14,59.16666667
2023,October,Mr. Trash Wheel,2023-10-10T00:00:00Z,2.27,15,3100,240,3300,12,220,980,30,37.83333333
2023,October,Mr. Trash Wheel,2023-10-18T00:00:00Z,2.19,15,2600,190,3900,18,290,1600,20,36.5
2023,November,Mr. Trash Wheel,2023-11-24T00:00:00Z,3.36,15,1800,120,2400,6,140,1900,14,56
2023,November,Mr. Trash Wheel,2023-11-24T00:00:00Z,2.93,15,1200,180,3200,12,180,1000,22,48.83333333
2023,November,Mr. Trash Wheel,2023-11-24T00:00:00Z,2.46,15,2200,210,3700,21,240,1200,18,41
2023,November,Mr. Trash Wheel,2023-11-24T00:00:00Z,3.23,15,1400,100,2000,8,80,980,10,53.83333333
2023,November,Mr. Trash Wheel,2023-11-29T00:00:00Z,2.07,10,2100,180,2800,18,200,1500,30,34.5
2023,November,Mr. Trash Wheel,2023-11-29T00:00:00Z,2.63,15,1600,240,3200,28,260,1100,18,43.83333333
2023,November,Mr. Trash Wheel,2023-11-29T00:00:00Z,2.95,15,2000,160,4400,24,180,2200,12,49.16666667
2023,December,Mr. Trash Wheel,2023-12-12T00:00:00Z,3.18,15,3200,240,4200,30,210,1800,16,53
2023,December,Mr. Trash Wheel,2023-12-12T00:00:00Z,3.73,15,2100,190,3000,22,190,1200,20,62.16666667
2023,December,Mr. Trash Wheel,2023-12-20T00:00:00Z,3.01,15,1400,120,2900,12,220,980,32,50.16666667
2023,December,Mr. Trash Wheel,2023-12-20T00:00:00Z,2.34,15,880,75,2600,8,140,1400,10,39
2023,December,Mr. Trash Wheel,2023-12-23T00:00:00Z,2.88,15,2000,140,3200,18,200,1900,22,48
2023,December,Mr. Trash Wheel,2023-12-23T00:00:00Z,2.51,15,1200,210,4000,27,250,1600,21,41.83333333
2024,January,Mr. Trash Wheel,2024-01-03T00:00:00Z,3.18,15,1700,420,5200,16,310,2100,18,NA
2024,January,Mr. Trash Wheel,2024-01-08T00:00:00Z,2.2,15,980,240,3100,20,280,1500,30,NA
2024,January,Mr. Trash Wheel,2024-01-08T00:00:00Z,3,15,750,140,2800,18,250,1100,12,NA
2024,January,Mr. Trash Wheel,2024-01-11T00:00:00Z,2.46,15,1900,380,4100,24,380,2200,28,NA
2024,January,Mr. Trash Wheel,2024-01-11T00:00:00Z,2.82,15,1250,300,2600,21,440,1400,15,NA
2024,January,Mr. Trash Wheel,2024-01-12T00:00:00Z,2.92,15,1000,270,2100,12,270,2500,32,NA
2024,January,Mr. Trash Wheel,2024-01-15T00:00:00Z,2.61,15,850,110,1900,10,140,900,6,NA
2024,February,Mr. Trash Wheel,2024-02-15T00:00:00Z,3.15,15,2100,540,4800,32,320,1600,24,NA
2024,March,Mr. Trash Wheel,2024-03-06T00:00:00Z,2.96,15,2400,480,3600,22,300,2000,42,NA
2024,March,Mr. Trash Wheel,2024-03-26T00:00:00Z,3.65,15,1800,410,2100,14,440,1900,21,NA
2024,March,Mr. Trash Wheel,2024-03-26T00:00:00Z,2.54,15,1400,340,3600,40,520,3200,27,NA
2024,March,Mr. Trash Wheel,2024-03-29T00:00:00Z,3.34,15,2900,420,4200,24,480,3000,28,NA
2024,April,Mr. Trash Wheel,2024-04-04T00:00:00Z,4.3,15,1900,660,5500,12,250,4100,30,NA
2024,April,Mr. Trash Wheel,2024-04-09T00:00:00Z,3.49,15,1100,210,2200,18,240,2600,12,NA
2024,April,Mr. Trash Wheel,2024-04-09T00:00:00Z,1.25,15,900,180,1200,10,480,1700,42,NA
2024,May,Mr. Trash Wheel,2024-05-02T00:00:00Z,4.9,15,2200,500,6400,32,380,3200,32,NA
2024,May,Mr. Trash Wheel,2024-05-10T00:00:00Z,3.68,15,2000,380,3600,14,490,2000,15,NA
2024,May,Mr. Trash Wheel,2024-05-10T00:00:00Z,4.7,15,1200,360,3200,20,200,1600,27,NA
2024,May,Mr. Trash Wheel,2024-05-30T00:00:00Z,4.13,15,2400,580,4800,12,540,2700,36,NA
2024,May,Mr. Trash Wheel,2024-05-30T00:00:00Z,3.34,15,850,100,1400,9,100,1000,12,NA
2024,June,Mr. Trash Wheel,2024-06-11T00:00:00Z,3.02,15,1700,290,2100,21,280,3400,38,NA
2024,June,Mr. Trash Wheel,2024-06-11T00:00:00Z,4,15,640,90,1100,10,90,1300,20,NA
2017,January,Professor Trash Wheel,2017-01-02T00:00:00Z,1.79,15,1950,6080,19700,8,3100,15600,NA,29.83333333
2017,January,Professor Trash Wheel,2017-01-30T00:00:00Z,1.58,15,9540,11230,17600,14,5630,16700,NA,26.33333333
2017,February,Professor Trash Wheel,2017-02-26T00:00:00Z,2.32,18,8350,9210,12000,19,6430,12400,NA,38.66666667
2017,February,Professor Trash Wheel,2017-02-26T00:00:00Z,3.72,15,8590,1030,13000,21,5870,11030,NA,62
2017,February,Professor Trash Wheel,2017-02-28T00:00:00Z,1.45,15,7830,9950,16000,18,7450,15340,NA,24.16666667
2017,March,Professor Trash Wheel,2017-03-30T00:00:00Z,1.71,15,8210,10340,14000,23,9560,13470,NA,28.5
2017,April,Professor Trash Wheel,2017-04-01T00:00:00Z,1.82,15,9830,11020,17000,26,11500,18620,NA,30.33333333
2017,April,Professor Trash Wheel,2017-04-20T00:00:00Z,2.37,15,9240,8760,15000,14,9970,14670,NA,39.5
2017,May,Professor Trash Wheel,2017-05-10T00:00:00Z,2.64,15,9540,8810,17000,28,12340,16580,NA,44
2017,May,Professor Trash Wheel,2017-05-26T00:00:00Z,2.78,15,8230,7800,13000,22,13450,17220,NA,46.33333333
2017,June,Professor Trash Wheel,2017-06-20T00:00:00Z,2.34,15,7540,8260,14000,12,10320,15430,NA,39
2017,July,Professor Trash Wheel,2017-07-17T00:00:00Z,1.63,15,8490,8230,16000,24,8870,10400,NA,27.16666667
2017,July,Professor Trash Wheel,2017-07-17T00:00:00Z,2.37,15,9610,9480,19000,27,13400,15200,NA,39.5
2017,July,Professor Trash Wheel,2017-07-28T00:00:00Z,1.69,15,7960,7650,12000,17,9540,12400,NA,28.16666667
2017,August,Professor Trash Wheel,2017-08-04T00:00:00Z,2.93,15,8870,8530,21000,32,11600,16500,NA,48.83333333
2017,August,Professor Trash Wheel,2017-08-31T00:00:00Z,1.21,15,7420,7280,15000,18,9710,13200,NA,20.16666667
2017,September,Professor Trash Wheel,2017-09-07T00:00:00Z,1.47,15,8250,7860,14000,24,8940,12500,NA,24.5
2017,November,Professor Trash Wheel,2017-11-17T00:00:00Z,0.75,8,8472,11528,33320,0,656,5392,NA,12.5
2018,January,Professor Trash Wheel,2018-01-15T00:00:00Z,0.99,15,7530,9240,22400,6,940,7650,NA,16.5
2018,February,Professor Trash Wheel,2018-02-05T00:00:00Z,1.58,15,2340,3780,24000,4,1870,16500,NA,26.33333333
2018,February,Professor Trash Wheel,2018-02-21T00:00:00Z,1.23,15,2210,3560,21000,3,1750,16700,NA,20.5
2018,March,Professor Trash Wheel,2018-03-30T00:00:00Z,2.32,15,2670,3750,26000,4,1890,20100,NA,38.66666667
2018,April,Professor Trash Wheel,2018-04-13T00:00:00Z,1.73,6,657,1699,8380,0,631,5960,NA,28.83333333
2018,April,Professor Trash Wheel,2018-04-16T00:00:00Z,1.78,12,2290,2630,19000,3,1520,14300,NA,29.66666667
2018,April,Professor Trash Wheel,2018-04-20T00:00:00Z,1.98,15,2110,2560,18000,2,1760,16700,NA,33
2018,April,Professor Trash Wheel,2018-04-26T00:00:00Z,1.37,12,7340,9870,25000,1,980,6750,NA,22.83333333
2018,May,Professor Trash Wheel,2018-05-31T00:00:00Z,1.85,15,9230,8950,28000,2,850,7340,NA,30.83333333
2018,June,Professor Trash Wheel,2018-06-03T00:00:00Z,2.84,15,1020,9230,25000,4,1120,8230,NA,47.33333333
2018,June,Professor Trash Wheel,2018-06-09T00:00:00Z,1.3,15,900,8560,28000,3,750,7650,NA,21.66666667
2018,June,Professor Trash Wheel,2018-06-21T00:00:00Z,1.81,15,1140,9900,21000,4,890,8340,NA,30.16666667
2018,July,Professor Trash Wheel,2018-07-03T00:00:00Z,1.66,15,1350,8560,18000,3,950,9460,NA,27.66666667
2018,July,Professor Trash Wheel,2018-07-18T00:00:00Z,2.12,15,1200,7810,27000,6,790,10200,NA,35.33333333
2018,July,Professor Trash Wheel,2018-07-23T00:00:00Z,1.23,15,1090,8230,25000,3,910,8760,NA,20.5
2018,July,Professor Trash Wheel,2018-07-28T00:00:00Z,1.8,15,920,7340,23000,1,890,9210,NA,30
2018,August,Professor Trash Wheel,2018-08-14T00:00:00Z,2.46,15,3150,4330,18000,14,1120,8800,NA,41
2018,September,Professor Trash Wheel,2018-09-01T00:00:00Z,1.58,15,6970,2450,14000,9,1300,12780,NA,26.33333333
2018,September,Professor Trash Wheel,2018-09-16T00:00:00Z,0.97,15,9100,4500,9000,4,750,7800,NA,16.16666667
2018,October,Professor Trash Wheel,2018-10-15T00:00:00Z,1.57,15,8400,4400,11000,9,1240,10400,NA,26.16666667
2018,November,Professor Trash Wheel,2018-11-04T00:00:00Z,2.41,15,6500,5500,8000,12,3600,5800,NA,40.16666667
2018,November,Professor Trash Wheel,2018-11-19T00:00:00Z,3.18,15,4400,4900,7400,14,4300,6800,NA,53
2018,November,Professor Trash Wheel,2018-11-30T00:00:00Z,2.28,15,3600,6050,11000,6,1800,8750,NA,38
2018,November,Professor Trash Wheel,2018-12-29T00:00:00Z,1.77,15,4000,7800,13000,10,5000,4300,NA,29.5
2019,February,Professor Trash Wheel,2019-02-12T00:00:00Z,1.88,15,3700,5500,9000,5,1800,4300,NA,31.33333333
2019,March,Professor Trash Wheel,2019-03-07T00:00:00Z,0.73,8,4057,2398,11078,0,1337,14000,NA,12.16666667
2019,March,Professor Trash Wheel,2019-03-23T00:00:00Z,1.37,15,8800,7800,14000,6,2300,9800,NA,22.83333333
2019,April,Professor Trash Wheel,2019-04-13T00:00:00Z,2.59,15,6800,6000,8000,10,2800,7800,NA,43.16666667
2019,April,Professor Trash Wheel,2019-04-18T00:00:00Z,1.89,15,5900,6400,7500,8,1600,5500,NA,31.5
2019,April,Professor Trash Wheel,2019-04-30T00:00:00Z,2.58,15,7500,5300,10000,12,1050,4600,NA,43
2019,May,Professor Trash Wheel,2019-05-13T00:00:00Z,2.01,15,8000,8400,12400,18,1400,2900,NA,33.5
2019,June,Professor Trash Wheel,2019-06-12T00:00:00Z,1.91,15,4400,3800,9800,8,980,3900,NA,31.83333333
2019,June,Professor Trash Wheel,2019-06-17T00:00:00Z,1.1,15,6600,5800,8700,4,1400,5000,NA,18.33333333
2019,July,Professor Trash Wheel,2019-07-09T00:00:00Z,3.33,15,3800,2100,7400,12,980,3600,NA,55.5
2019,August,Professor Trash Wheel,2019-08-02T00:00:00Z,2.54,15,4800,2200,9600,12,1000,4200,NA,42.33333333
2019,August,Professor Trash Wheel,2019-08-24T00:00:00Z,2.52,15,4400,1480,8600,4,660,5400,NA,42
2019,October,Professor Trash Wheel,2019-10-18T00:00:00Z,2.02,15,5200,4200,8100,24,540,3200,NA,33.66666667
2019,November,Professor Trash Wheel,2019-11-23T00:00:00Z,1.81,15,6400,4000,7800,18,940,4200,NA,30.16666667
2019,December,Professor Trash Wheel,2019-12-06T00:00:00Z,1.76,15,5900,4800,8800,26,660,3900,NA,29.33333333
2020,January,Professor Trash Wheel,2020-01-16T00:00:00Z,0.94,15,4800,3800,9000,12,980,3800,NA,15.66666667
2020,February,Professor Trash Wheel,2020-02-10T00:00:00Z,1.71,15,5600,3000,12000,18,1040,4800,NA,28.5
2020,March,Professor Trash Wheel,2020-03-30T00:00:00Z,1.81,15,7200,3400,9800,8,800,6400,NA,30.16666667
2020,April,Professor Trash Wheel,2020-04-14T00:00:00Z,2.72,15,4400,3960,6000,27,1200,5800,NA,45.33333333
2020,May,Professor Trash Wheel,2020-05-08T00:00:00Z,1.61,15,5400,4100,7200,11,1000,5600,NA,26.83333333
2020,June,Professor Trash Wheel,2020-06-06T00:00:00Z,2.43,15,4800,3200,6300,20,780,4800,NA,40.5
2020,June,Professor Trash Wheel,2020-06-19T00:00:00Z,2.29,15,6700,3600,8200,9,720,5400,NA,38.16666667
2020,July,Professor Trash Wheel,2020-07-02T00:00:00Z,1.97,15,6000,4000,7000,11,670,5300,NA,32.83333333
2020,July,Professor Trash Wheel,2020-07-24T00:00:00Z,1.52,15,6800,2950,6400,8,980,6050,NA,25.33333333
2020,August,Professor Trash Wheel,2020-08-03T00:00:00Z,0.61,12,5950,3600,8000,12,1050,4400,NA,10.16666667
2020,September,Professor Trash Wheel,2020-09-14T00:00:00Z,1.18,15,7200,4200,8800,24,1200,5100,NA,19.66666667
2020,October,Professor Trash Wheel,2020-10-30T00:00:00Z,1.82,15,6400,4200,7200,18,2200,3800,NA,30.33333333
2020,December,Professor Trash Wheel,2020-12-01T00:00:00Z,2.79,15,5300,3100,9900,9,1480,5400,NA,46.5
2021,January,Professor Trash Wheel,2021-01-04T00:00:00Z,1.68,15,4900,3000,10500,14,980,7200,NA,28
2021,February,Professor Trash Wheel,2021-02-17T00:00:00Z,1.21,15,4400,1200,7200,21,1420,4900,NA,20.16666667
2021,March,Professor Trash Wheel,2021-03-27T00:00:00Z,2.48,15,5000,1800,6800,18,840,4000,NA,41.33333333
2021,May,Professor Trash Wheel,2021-05-04T00:00:00Z,2.49,15,4900,1000,8000,30,1800,4800,NA,41.5
2021,May,Professor Trash Wheel,2021-05-08T00:00:00Z,2.57,15,4800,1200,7600,12,1480,5400,NA,42.83333333
2021,May,Professor Trash Wheel,2021-05-28T00:00:00Z,1.96,15,5800,960,8400,14,1900,5400,NA,32.66666667
2021,June,Professor Trash Wheel,2021-06-11T00:00:00Z,2.91,15,3600,800,6000,21,1500,6400,NA,48.5
2021,July,Professor Trash Wheel,2021-07-02T00:00:00Z,2.33,15,4200,1100,6400,24,1480,4900,NA,38.83333333
2021,July,Professor Trash Wheel,2021-07-14T00:00:00Z,2.58,15,5000,980,9200,21,1000,7200,NA,43
2021,August,Professor Trash Wheel,2021-08-03T00:00:00Z,3.34,15,5400,960,6200,18,1200,8400,NA,55.66666667
2021,August,Professor Trash Wheel,2021-08-18T00:00:00Z,3.18,15,6400,1000,8400,12,980,7000,NA,53
2021,August,Professor Trash Wheel,2021-08-20T00:00:00Z,1.99,15,4000,880,6400,24,1400,5800,NA,33.16666667
2021,September,Professor Trash Wheel,2021-09-01T00:00:00Z,3.18,15,4300,1100,5400,36,2100,3900,NA,53
2021,September,Professor Trash Wheel,2021-09-24T00:00:00Z,1.99,15,5100,900,6000,28,880,4400,NA,33.16666667
2021,November,Professor Trash Wheel,2021-11-03T00:00:00Z,1.5,15,3900,750,7200,20,960,6400,NA,25
2022,January,Professor Trash Wheel,2022-01-05T00:00:00Z,1.32,15,2700,300,5300,38,340,3200,NA,22
2022,February,Professor Trash Wheel,2022-02-21T00:00:00Z,0.93,10,3000,420,4200,48,280,5400,NA,15.5
2022,March,Professor Trash Wheel,2022-03-25T00:00:00Z,2.01,15,4100,380,6400,20,380,4900,NA,33.5
2022,April,Professor Trash Wheel,2022-04-07T00:00:00Z,2.61,15,3900,280,6900,34,290,3800,NA,43.5
2022,May,Professor Trash Wheel,2022-05-05T00:00:00Z,3.46,15,4400,500,7200,40,380,5500,NA,57.66666667
2022,June,Professor Trash Wheel,2022-06-10T00:00:00Z,2.76,15,4900,420,5600,22,440,2900,NA,46
2022,June,Professor Trash Wheel,2022-06-21T00:00:00Z,2.41,10,3600,300,6000,32,270,3300,NA,40.16666667
2022,July,Professor Trash Wheel,2022-07-05T00:00:00Z,2.43,15,4500,400,5400,24,320,4900,NA,40.5
2022,July,Professor Trash Wheel,2022-07-18T00:00:00Z,2.98,15,5000,320,6400,30,270,5100,NA,49.66666667
2022,August,Professor Trash Wheel,2022-08-19T00:00:00Z,2.5,15,5400,480,6200,21,210,3200,NA,41.66666667
2022,September,Professor Trash Wheel,2022-09-09T00:00:00Z,1.97,10,3400,270,4200,18,180,4200,NA,32.83333333
2022,September,Professor Trash Wheel,2022-09-15T00:00:00Z,3.49,15,4800,240,5000,36,220,5600,NA,58.16666667
2022,October,Professor Trash Wheel,2022-10-07T00:00:00Z,1.32,15,3800,180,4800,14,140,3900,NA,22
2022,November,Professor Trash Wheel,2022-11-22T00:00:00Z,1.61,15,2900,290,3800,39,340,4200,NA,26.83333333
2022,December,Professor Trash Wheel,2022-12-17T00:00:00Z,1.98,15,3200,220,4400,28,280,2900,NA,33
2022,December,Professor Trash Wheel,2022-12-29T00:00:00Z,2.13,15,4200,300,5400,40,300,4400,NA,35.5
2023,February,Professor Trash Wheel,2023-02-15T00:00:00Z,2.41,15,2900,240,3900,32,320,4200,NA,40.16666667
2023,April,Professor Trash Wheel,2023-04-10T00:00:00Z,2.05,15,NA,NA,NA,NA,NA,NA,NA,34.16666667
2023,April,Professor Trash Wheel,2023-04-20T00:00:00Z,2.58,15,3400,400,4900,26,380,3200,NA,43
2023,June,Professor Trash Wheel,2023-06-16T00:00:00Z,1.85,15,4100,510,4200,44,290,2300,NA,30.83333333
2023,June,Professor Trash Wheel,2023-06-29T00:00:00Z,2.25,15,3900,390,5500,38,480,3900,NA,37.5
2023,July,Professor Trash Wheel,2023-07-05T00:00:00Z,3.42,15,4900,640,6500,38,390,4000,NA,57
2023,July,Professor Trash Wheel,2023-07-31T00:00:00Z,2.62,15,3400,420,5800,28,240,4800,NA,43.66666667
2023,August,Professor Trash Wheel,2023-08-09T00:00:00Z,2.64,15,5100,640,6200,49,500,5200,NA,44
2023,August,Professor Trash Wheel,2023-08-23T00:00:00Z,2.82,15,4200,330,5400,36,320,5700,NA,47
2023,September,Professor Trash Wheel,2023-09-06T00:00:00Z,1.71,10,2900,350,4200,24,250,3900,NA,28.5
2023,September,Professor Trash Wheel,2023-09-26T00:00:00Z,2.43,15,3800,400,4900,45,300,4400,NA,40.5
2023,October,Professor Trash Wheel,2023-10-27T00:00:00Z,1.28,10,3200,480,5000,34,280,3200,NA,21.33333333
2023,December,Professor Trash Wheel,2023-12-05T00:00:00Z,2.13,15,4000,380,5500,28,360,3900,NA,35.5
2024,January,Professor Trash Wheel,2024-01-08T00:00:00Z,2.2,15,2300,540,6100,29,400,5400,NA,NA
2024,March,Professor Trash Wheel,2024-03-14T00:00:00Z,3.75,15,2700,610,5900,40,340,5700,NA,NA
2024,April,Professor Trash Wheel,2024-04-16T00:00:00Z,3,15,3200,720,4800,14,420,6600,NA,NA
2024,May,Professor Trash Wheel,2024-05-30T00:00:00Z,2.48,15,2900,540,6400,21,360,3900,NA,NA
2021,July,Gwynnda Trash Wheel,2021-07-03T00:00:00Z,0.93,15,1200,360,3400,NA,1800,NA,NA,15.5
2021,July,Gwynnda Trash Wheel,2021-07-07T00:00:00Z,2.26,15,2000,240,3900,NA,2200,NA,NA,37.66666667
2021,July,Gwynnda Trash Wheel,2021-07-07T00:00:00Z,1.62,15,1800,270,2900,NA,2400,NA,NA,27
2021,July,Gwynnda Trash Wheel,2021-07-16T00:00:00Z,1.76,15,1000,180,2100,NA,1800,NA,NA,29.33333333
2021,July,Gwynnda Trash Wheel,2021-07-30T00:00:00Z,1.53,15,2100,240,4000,NA,2700,NA,NA,25.5
2021,August,Gwynnda Trash Wheel,2021-08-11T00:00:00Z,2.06,15,2400,360,3900,NA,3000,NA,NA,34.33333333
2021,August,Gwynnda Trash Wheel,2021-08-14T00:00:00Z,1.9,15,2700,320,4200,NA,3200,NA,NA,25.5
2021,August,Gwynnda Trash Wheel,2021-08-16T00:00:00Z,2.16,15,3000,320,4000,NA,3600,NA,NA,36
2021,August,Gwynnda Trash Wheel,2021-08-16T00:00:00Z,2.6,15,980,180,1800,NA,1000,NA,NA,43.33333333
2021,August,Gwynnda Trash Wheel,2021-08-17T00:00:00Z,3.21,15,240,42,400,NA,360,NA,NA,53.5
2021,August,Gwynnda Trash Wheel,2021-08-17T00:00:00Z,2.44,15,840,100,1200,NA,1500,NA,NA,40.66666667
2021,August,Gwynnda Trash Wheel,2021-08-18T00:00:00Z,2.62,15,1800,240,3600,NA,3000,NA,NA,43.66666667
2021,August,Gwynnda Trash Wheel,2021-08-19T00:00:00Z,2.92,15,1000,320,3200,NA,2400,NA,NA,48.66666667
2021,August,Gwynnda Trash Wheel,2021-08-19T00:00:00Z,2.93,15,500,98,1200,NA,1000,NA,NA,48.83333333
2021,August,Gwynnda Trash Wheel,2021-08-20T00:00:00Z,3.31,15,12,4,400,NA,320,NA,NA,55.16666667
2021,August,Gwynnda Trash Wheel,2021-08-24T00:00:00Z,2.7,15,2400,270,3800,NA,3200,NA,NA,45
2021,August,Gwynnda Trash Wheel,2021-08-25T00:00:00Z,2.1,15,1000,160,2700,NA,2200,NA,NA,35
2021,September,Gwynnda Trash Wheel,2021-09-02T00:00:00Z,2.6,15,1800,240,2100,NA,1200,NA,NA,43.33333333
2021,September,Gwynnda Trash Wheel,2021-09-06T00:00:00Z,3.28,15,300,100,980,NA,180,NA,NA,54.66666667
2021,September,Gwynnda Trash Wheel,2021-09-10T00:00:00Z,2.89,15,2100,240,2700,NA,1400,NA,NA,48.16666667
2021,September,Gwynnda Trash Wheel,2021-09-18T00:00:00Z,2.49,15,2400,300,3200,NA,900,NA,NA,41.5
2021,September,Gwynnda Trash Wheel,2021-09-29T00:00:00Z,2.36,15,1200,210,2000,NA,1200,NA,NA,39.33333333
2021,October,Gwynnda Trash Wheel,2021-10-06T00:00:00Z,1.84,15,1800,270,2900,NA,1000,NA,NA,30.66666667
2021,October,Gwynnda Trash Wheel,2021-10-27T00:00:00Z,3.09,15,2100,360,3200,NA,1400,NA,NA,51.5
2021,October,Gwynnda Trash Wheel,2021-10-27T00:00:00Z,3.54,15,280,100,480,NA,200,NA,NA,59
2021,October,Gwynnda Trash Wheel,2021-10-27T00:00:00Z,2.25,15,480,42,1000,NA,360,NA,NA,37.5
2021,October,Gwynnda Trash Wheel,2021-10-29T00:00:00Z,3.38,15,150,50,800,NA,100,NA,NA,56.33333333
2021,October,Gwynnda Trash Wheel,2021-10-30T00:00:00Z,3.2,15,1400,240,2000,NA,980,NA,NA,53.33333333
2021,November,Gwynnda Trash Wheel,2021-11-01T00:00:00Z,3.71,15,980,100,1500,NA,200,NA,NA,61.83333333
2021,November,Gwynnda Trash Wheel,2021-11-01T00:00:00Z,4.06,15,40,12,200,NA,40,NA,NA,67.66666667
2021,November,Gwynnda Trash Wheel,2021-11-01T00:00:00Z,3.21,15,640,150,1200,NA,480,NA,NA,53.5
2021,November,Gwynnda Trash Wheel,2021-11-02T00:00:00Z,3.26,15,800,200,980,NA,240,NA,NA,54.33333333
2021,November,Gwynnda Trash Wheel,2021-11-02T00:00:00Z,3.95,15,1000,240,1800,NA,400,NA,NA,65.83333333
2021,November,Gwynnda Trash Wheel,2021-11-02T00:00:00Z,2.79,15,810,180,900,NA,360,NA,NA,46.5
2021,November,Gwynnda Trash Wheel,2021-11-02T00:00:00Z,3.02,15,500,80,1000,NA,240,NA,NA,50.33333333
2021,November,Gwynnda Trash Wheel,2021-11-03T00:00:00Z,2.97,15,1800,120,1800,NA,300,NA,NA,49.5
2021,November,Gwynnda Trash Wheel,2021-11-03T00:00:00Z,3,15,840,90,1500,NA,180,NA,NA,50
2021,November,Gwynnda Trash Wheel,2021-11-03T00:00:00Z,3.23,15,500,50,1200,NA,100,NA,NA,53.83333333
2021,November,Gwynnda Trash Wheel,2021-11-03T00:00:00Z,3.36,15,1500,200,2000,NA,360,NA,NA,56
2021,November,Gwynnda Trash Wheel,2021-11-04T00:00:00Z,3.57,15,480,40,980,NA,240,NA,NA,59.5
2021,November,Gwynnda Trash Wheel,2021-11-04T00:00:00Z,3.27,15,1000,120,1800,NA,360,NA,NA,54.5
2021,November,Gwynnda Trash Wheel,2021-11-04T00:00:00Z,3.43,15,1200,200,2000,NA,480,NA,NA,57.16666667
2021,November,Gwynnda Trash Wheel,2021-11-04T00:00:00Z,3.91,15,450,100,1200,NA,320,NA,NA,65.16666667
2021,November,Gwynnda Trash Wheel,2021-11-05T00:00:00Z,3.76,15,280,60,1000,NA,240,NA,NA,62.66666667
2021,November,Gwynnda Trash Wheel,2021-11-05T00:00:00Z,4.13,15,150,50,980,NA,180,NA,NA,68.83333333
2021,November,Gwynnda Trash Wheel,2021-11-05T00:00:00Z,4.08,15,0,0,0,NA,0,NA,NA,68
2021,November,Gwynnda Trash Wheel,2021-11-05T00:00:00Z,4.02,15,0,0,0,NA,0,NA,NA,67
2021,November,Gwynnda Trash Wheel,2021-11-13T00:00:00Z,3.63,15,2100,240,3200,NA,2100,NA,NA,60.5
2021,November,Gwynnda Trash Wheel,2021-11-23T00:00:00Z,2.59,15,1800,200,5000,NA,2400,NA,NA,43.16666667
2022,December,Gwynnda Trash Wheel,2021-12-02T00:00:00Z,1.51,15,1400,100,4200,NA,1000,NA,NA,25.16666667
2022,December,Gwynnda Trash Wheel,2021-12-15T00:00:00Z,1.68,15,980,180,3000,NA,980,NA,NA,28
2022,January,Gwynnda Trash Wheel,2022-01-05T00:00:00Z,2.78,15,3000,280,3600,NA,1200,NA,NA,46.33333333
2022,January,Gwynnda Trash Wheel,2022-01-17T00:00:00Z,2.53,15,2400,240,4800,NA,2000,NA,NA,42.16666667
2022,January,Gwynnda Trash Wheel,2022-01-18T00:00:00Z,2.53,15,1100,200,2800,NA,1600,NA,NA,42.16666667
2022,January,Gwynnda Trash Wheel,2022-01-18T00:00:00Z,3.08,15,340,80,800,NA,300,NA,NA,51.33333333
2022,January,Gwynnda Trash Wheel,2022-01-20T00:00:00Z,2.75,15,1200,400,3200,NA,2400,NA,NA,45.83333333
2022,March,Gwynnda Trash Wheel,2022-03-09T00:00:00Z,0.77,5,600,80,1000,NA,640,NA,NA,12.83333333
2022,March,Gwynnda Trash Wheel,2022-03-10T00:00:00Z,2.76,15,2300,300,4200,NA,1800,NA,NA,46
2022,March,Gwynnda Trash Wheel,2022-03-10T00:00:00Z,2.46,15,1200,190,2700,NA,1000,NA,NA,41
2022,March,Gwynnda Trash Wheel,2022-03-26T00:00:00Z,2.8,15,3000,240,4900,NA,1600,NA,NA,46.66666667
2022,April,Gwynnda Trash Wheel,2022-04-07T00:00:00Z,2.82,15,4200,500,6400,NA,2100,NA,NA,47
2022,April,Gwynnda Trash Wheel,2022-04-07T00:00:00Z,1.99,15,1800,190,3200,NA,980,NA,NA,33.16666667
2022,April,Gwynnda Trash Wheel,2022-04-08T00:00:00Z,2.78,15,980,220,2200,NA,1250,NA,NA,46.33333333
2022,April,Gwynnda Trash Wheel,2022-04-08T00:00:00Z,2.83,15,2100,140,3600,NA,1200,NA,NA,47.16666667
2022,April,Gwynnda Trash Wheel,2022-04-16T00:00:00Z,2.26,15,3200,200,5200,NA,2200,NA,NA,37.66666667
2022,April,Gwynnda Trash Wheel,2022-04-16T00:00:00Z,2.13,15,1050,100,2000,NA,900,NA,NA,35.5
2022,April,Gwynnda Trash Wheel,2022-04-29T00:00:00Z,2.19,15,2700,300,4900,NA,2000,NA,NA,36.5
2022,May,Gwynnda Trash Wheel,2022-05-07T00:00:00Z,2.12,15,980,140,3500,NA,1050,NA,NA,35.33333333
2022,May,Gwynnda Trash Wheel,2022-05-10T00:00:00Z,3.93,15,1400,120,4200,NA,1850,NA,NA,65.5
2022,May,Gwynnda Trash Wheel,2022-05-10T00:00:00Z,3.59,15,800,220,1900,NA,1000,NA,NA,59.83333333
2022,May,Gwynnda Trash Wheel,2022-05-11T00:00:00Z,3.27,15,640,75,900,NA,500,NA,NA,54.5
2022,May,Gwynnda Trash Wheel,2022-05-12T00:00:00Z,3.22,15,240,40,500,NA,200,NA,NA,53.66666667
2022,May,Gwynnda Trash Wheel,2022-05-19T00:00:00Z,3.39,15,2100,380,3600,NA,1300,NA,NA,56.5
2022,May,Gwynnda Trash Wheel,2022-05-26T00:00:00Z,2.67,15,2800,250,4900,NA,2000,NA,NA,44.5
2022,June,Gwynnda Trash Wheel,2022-06-01T00:00:00Z,3.68,15,1600,360,3200,NA,980,NA,NA,61.33333333
2022,June,Gwynnda Trash Wheel,2022-06-01T00:00:00Z,2.95,15,1200,98,2100,NA,420,NA,NA,49.16666667
2022,June,Gwynnda Trash Wheel,2022-06-10T00:00:00Z,3,15,2200,190,3200,NA,1200,NA,NA,50
2022,June,Gwynnda Trash Wheel,2022-06-10T00:00:00Z,2.34,15,980,75,1000,NA,560,NA,NA,39
2022,June,Gwynnda Trash Wheel,2022-06-11T00:00:00Z,3.23,15,540,100,900,NA,440,NA,NA,53.83333333
2022,June,Gwynnda Trash Wheel,2022-06-11T00:00:00Z,3.07,15,320,48,980,NA,360,NA,NA,51.16666667
2022,June,Gwynnda Trash Wheel,2022-06-11T00:00:00Z,3.74,15,270,50,480,NA,200,NA,NA,62.33333333
2022,June,Gwynnda Trash Wheel,2022-06-13T00:00:00Z,3.39,15,1200,210,1400,NA,360,NA,NA,56.5
2022,June,Gwynnda Trash Wheel,2022-06-13T00:00:00Z,3.49,15,360,40,800,NA,240,NA,NA,58.16666667
2022,June,Gwynnda Trash Wheel,2022-06-13T00:00:00Z,3.4,15,120,24,480,NA,180,NA,NA,56.66666667
2022,June,Gwynnda Trash Wheel,2022-06-13T00:00:00Z,3.69,15,480,36,880,NA,200,NA,NA,61.5
2022,June,Gwynnda Trash Wheel,2022-06-14T00:00:00Z,3.55,15,0,0,0,NA,0,NA,NA,59.16666667
2022,June,Gwynnda Trash Wheel,2022-06-29T00:00:00Z,1,10,2400,200,2700,NA,250,NA,NA,16.66666667
2022,July,Gwynnda Trash Wheel,2022-07-05T00:00:00Z,3.23,15,3200,400,4900,NA,1600,NA,NA,53.83333333
2022,July,Gwynnda Trash Wheel,2022-07-05T00:00:00Z,3.08,15,2500,350,3700,NA,1400,NA,NA,51.33333333
2022,July,Gwynnda Trash Wheel,2022-07-06T00:00:00Z,3.07,15,1800,100,2200,NA,720,NA,NA,51.16666667
2022,july,Gwynnda Trash Wheel,2022-07-06T00:00:00Z,3.58,15,250,60,1000,NA,240,NA,NA,59.66666667
2022,July,Gwynnda Trash Wheel,2022-07-07T00:00:00Z,3.5,15,240,50,750,NA,300,NA,NA,58.33333333
2022,July,Gwynnda Trash Wheel,2022-07-07T00:00:00Z,3.09,15,640,48,1200,NA,420,NA,NA,51.5
2022,July,Gwynnda Trash Wheel,2022-07-07T00:00:00Z,3.56,15,180,36,500,NA,240,NA,NA,59.33333333
2022,July,Gwynnda Trash Wheel,2022-07-08T00:00:00Z,3.16,15,540,84,480,NA,100,NA,NA,52.66666667
2022,July,Gwynnda Trash Wheel,2022-07-08T00:00:00Z,4.18,15,0,0,0,NA,0,NA,NA,69.66666667
2022,July,Gwynnda Trash Wheel,2022-07-08T00:00:00Z,3.11,15,0,0,0,NA,0,NA,NA,51.83333333
2022,July,Gwynnda Trash Wheel,2022-07-15T00:00:00Z,2.83,15,2800,360,3200,NA,1400,NA,NA,47.16666667
2022,July,Gwynnda Trash Wheel,2022-07-18T00:00:00Z,2.82,15,1600,220,4000,NA,900,NA,NA,47
2022,july,Gwynnda Trash Wheel,2022-07-18T00:00:00Z,3.32,15,980,90,1200,NA,640,NA,NA,55.33333333
2022,July,Gwynnda Trash Wheel,2022-07-19T00:00:00Z,3.4,15,480,50,980,NA,400,NA,NA,56.66666667
2022,July,Gwynnda Trash Wheel,2022-07-19T00:00:00Z,3.68,15,720,48,1100,NA,360,NA,NA,61.33333333
2022,July,Gwynnda Trash Wheel,2022-07-19T00:00:00Z,3.5,15,0,0,0,NA,0,NA,NA,58.33333333
2022,July,Gwynnda Trash Wheel,2022-07-19T00:00:00Z,3.51,15,360,40,480,NA,200,NA,NA,58.5
2022,July,Gwynnda Trash Wheel,2022-07-21T00:00:00Z,3.29,15,2100,250,3600,NA,950,NA,NA,54.83333333
2022,July,Gwynnda Trash Wheel,2022-07-26T00:00:00Z,2.58,15,2900,320,4000,NA,1500,NA,NA,43
2022,August,Gwynnda Trash Wheel,2022-08-06T00:00:00Z,2.62,15,2100,400,3600,NA,1600,NA,NA,43.66666667
2022,August,Gwynnda Trash Wheel,2022-08-09T00:00:00Z,3.37,15,1800,160,2800,NA,1000,NA,NA,56.16666667
2022,September,Gwynnda Trash Wheel,2022-09-01T00:00:00Z,1.93,15,2900,240,3000,NA,1100,NA,NA,32.16666667
2022,September,Gwynnda Trash Wheel,2022-09-08T00:00:00Z,2.66,15,3200,290,3500,NA,1400,NA,NA,44.33333333
2022,September,Gwynnda Trash Wheel,2022-09-08T00:00:00Z,3.01,15,1800,160,2800,NA,940,NA,NA,50.16666667
2022,September,Gwynnda Trash Wheel,2022-09-10T00:00:00Z,3.78,15,1600,100,2100,NA,1200,NA,NA,63
2022,September,Gwynnda Trash Wheel,2022-09-14T00:00:00Z,3.4,15,2800,190,3400,NA,1000,NA,NA,56.66666667
2022,September,Gwynnda Trash Wheel,2022-09-15T00:00:00Z,3.19,15,1200,96,2000,NA,920,NA,NA,53.16666667
2022,September,Gwynnda Trash Wheel,2022-09-27T00:00:00Z,3.35,15,2100,240,2500,NA,1200,NA,NA,55.83333333
2022,October,Gwynnda Trash Wheel,2022-10-06T00:00:00Z,2.86,15,2500,180,3200,NA,980,NA,NA,47.66666667
2022,October,Gwynnda Trash Wheel,2022-10-17T00:00:00Z,2.87,15,1800,210,3900,NA,1400,NA,NA,47.83333333
2022,November,Gwynnda Trash Wheel,2022-11-03T00:00:00Z,3.06,15,1600,240,2900,NA,200,1600,NA,51
2022,November,Gwynnda Trash Wheel,2022-11-15T00:00:00Z,3,15,2100,180,3300,NA,140,1900,NA,50
2022,November,Gwynnda Trash Wheel,2022-11-19T00:00:00Z,2.42,15,1200,72,2000,NA,100,1500,NA,40.33333333
2022,November,Gwynnda Trash Wheel,2022-11-22T00:00:00Z,2.37,15,980,50,1500,NA,80,1000,NA,39.5
2022,November,Gwynnda Trash Wheel,2022-11-30T00:00:00Z,2.91,15,2500,240,2900,NA,160,2100,NA,48.5
2022,December,Gwynnda Trash Wheel,2022-12-13T00:00:00Z,2.35,14,1900,120,3300,NA,210,1800,NA,39.16666667
2022,December,Gwynnda Trash Wheel,2022-12-17T00:00:00Z,2.8,15,2100,240,4200,NA,250,2200,NA,46.66666667
2022,December,Gwynnda Trash Wheel,2022-12-17T00:00:00Z,2.69,15,1200,100,2900,NA,150,1400,NA,44.83333333
2022,December,Gwynnda Trash Wheel,2022-12-19T00:00:00Z,2.27,15,900,50,1600,NA,80,1000,NA,37.83333333
2022,December,Gwynnda Trash Wheel,2022-12-19T00:00:00Z,2.5,15,800,48,1200,NA,50,1100,NA,41.66666667
2022,December,Gwynnda Trash Wheel,2022-12-20T00:00:00Z,2.72,15,480,64,1000,NA,64,900,NA,45.33333333
2022,December,Gwynnda Trash Wheel,2022-12-20T00:00:00Z,2.74,15,720,80,1800,NA,48,880,NA,45.66666667
2022,December,Gwynnda Trash Wheel,2022-12-23T00:00:00Z,3.08,15,1600,180,3000,NA,120,1400,NA,51.33333333
2022,December,Gwynnda Trash Wheel,2022-12-30T00:00:00Z,3.16,15,2400,160,3400,NA,200,2100,NA,52.66666667
2022,December,Gwynnda Trash Wheel,2022-12-30T00:00:00Z,3.04,15,800,72,2000,NA,80,960,NA,50.66666667
2022,December,Gwynnda Trash Wheel,2022-12-30T00:00:00Z,3.09,15,500,48,800,NA,50,540,NA,51.5
2022,December,Gwynnda Trash Wheel,2022-12-30T00:00:00Z,3.15,15,640,50,1200,NA,36,800,NA,52.5
2023,January,Gwynnda Trash Wheel,2023-01-03T00:00:00Z,2.48,15,900,120,2000,NA,80,1000,NA,41.33333333
2023,January,Gwynnda Trash Wheel,2023-01-19T00:00:00Z,3.2,15,1400,220,1800,NA,75,900,NA,53.33333333
2023,January,Gwynnda Trash Wheel,2023-01-30T00:00:00Z,3.08,15,2100,180,2400,NA,100,1100,NA,51.33333333
2023,February,Gwynnda Trash Wheel,2023-02-21T00:00:00Z,2.47,15,1900,210,2700,NA,150,950,NA,41.16666667
2023,February,Gwynnda Trash Wheel,2023-02-21T00:00:00Z,2.69,15,960,150,2100,NA,90,1000,NA,44.83333333
2023,March,Gwynnda Trash Wheel,2023-03-03T00:00:00Z,2.41,15,2400,210,2900,NA,140,1400,NA,40.16666667
2023,March,Gwynnda Trash Wheel,2023-03-14T00:00:00Z,2.91,15,1800,100,3000,NA,80,1600,NA,48.5
2023,April,Gwynnda Trash Wheel,2023-04-06T00:00:00Z,2.35,15,2700,240,3200,NA,200,1200,NA,39.16666667
2023,April,Gwynnda Trash Wheel,2023-04-18T00:00:00Z,3.25,15,1500,120,2400,NA,120,1000,NA,54.16666667
2023,April,Gwynnda Trash Wheel,2023-04-25T00:00:00Z,3.4,15,930,80,1800,NA,64,960,NA,56.66666667
2023,April,Gwynnda Trash Wheel,2023-04-28T00:00:00Z,2.81,15,2100,200,2700,NA,180,1500,NA,46.83333333
2023,May,Gwynnda Trash Wheel,2023-05-01T00:00:00Z,2.85,15,3000,240,3300,NA,270,2000,NA,47.5
2023,May,Gwynnda Trash Wheel,2023-05-01T00:00:00Z,3.22,15,1600,110,2100,NA,140,1200,NA,53.66666667
2023,May,Gwynnda Trash Wheel,2023-05-04T00:00:00Z,3.44,15,1200,5,1800,NA,75,980,NA,57.33333333
2023,June,Gwynnda Trash Wheel,2023-06-08T00:00:00Z,1.93,15,4100,320,3900,NA,220,2700,NA,32.16666667
2023,June,Gwynnda Trash Wheel,2023-06-28T00:00:00Z,2.68,15,5400,500,4400,NA,310,2200,NA,44.66666667
2023,June,Gwynnda Trash Wheel,2023-06-29T00:00:00Z,2.74,15,4400,330,4000,NA,270,3000,NA,45.66666667
2023,June,Gwynnda Trash Wheel,2023-06-29T00:00:00Z,3.12,15,5000,420,5200,NA,360,2900,NA,52
2023,June,Gwynnda Trash Wheel,2023-06-29T00:00:00Z,3.12,15,3400,300,3600,NA,240,2100,NA,52
2023,June,Gwynnda Trash Wheel,2023-06-29T00:00:00Z,3.45,15,4900,540,4800,NA,410,3500,NA,57.5
2023,June,Gwynnda Trash Wheel,2023-06-30T00:00:00Z,2.88,15,2500,210,3200,NA,300,2700,NA,48
2023,July,Gwynnda Trash Wheel,2023-07-03T00:00:00Z,3.62,15,2700,320,2700,NA,380,1900,NA,60.33333333
2023,July,Gwynnda Trash Wheel,2023-07-03T00:00:00Z,3.22,15,1300,240,4100,NA,440,3200,NA,53.66666667
2023,July,Gwynnda Trash Wheel,2023-07-03T00:00:00Z,2.96,15,800,140,1000,NA,110,980,NA,49.33333333
2023,July,Gwynnda Trash Wheel,2023-07-03T00:00:00Z,3.09,15,440,60,980,NA,180,1200,NA,51.5
2023,July,Gwynnda Trash Wheel,2023-07-06T00:00:00Z,3.52,15,2100,280,2400,NA,390,2100,NA,58.66666667
2023,July,Gwynnda Trash Wheel,2023-07-11T00:00:00Z,3.61,15,3200,410,3800,NA,380,3000,NA,60.16666667
2023,July,Gwynnda Trash Wheel,2023-07-11T00:00:00Z,3.16,15,1100,240,2700,NA,200,1600,NA,52.66666667
2023,July,Gwynnda Trash Wheel,2023-07-12T00:00:00Z,3.24,15,800,110,1800,NA,80,1100,NA,54
2023,July,Gwynnda Trash Wheel,2023-07-13T00:00:00Z,2.9,15,540,100,1200,NA,140,980,NA,48.33333333
2023,July,Gwynnda Trash Wheel,2023-07-22T00:00:00Z,3.19,15,4100,540,5200,NA,380,2400,NA,53.16666667
2023,August,Gwynnda Trash Wheel,2023-08-02T00:00:00Z,2.7,15,3300,280,4600,NA,290,1900,NA,45
2023,August,Gwynnda Trash Wheel,2023-08-02T00:00:00Z,2.99,15,1500,210,3200,NA,190,2200,NA,49.83333333
2023,August,Gwynnda Trash Wheel,2023-08-02T00:00:00Z,2.32,15,850,140,1800,NA,120,1000,NA,38.66666667
2023,August,Gwynnda Trash Wheel,2023-08-02T00:00:00Z,2.79,15,440,60,940,NA,50,980,NA,46.5
2023,August,Gwynnda Trash Wheel,2023-08-08T00:00:00Z,2.6,15,2800,390,5200,NA,220,2300,NA,43.33333333
2023,August,Gwynnda Trash Wheel,2023-08-09T00:00:00Z,2.5,15,1200,340,3600,NA,210,1900,NA,41.66666667
2023,August,Gwynnda Trash Wheel,2023-08-09T00:00:00Z,2.28,15,1400,210,2900,NA,180,2000,NA,38
2023,August,Gwynnda Trash Wheel,2023-08-09T00:00:00Z,2.78,15,880,75,1400,NA,90,1200,NA,46.33333333
2023,August,Gwynnda Trash Wheel,2023-08-09T00:00:00Z,2.79,15,750,90,980,NA,25,800,NA,46.5
2023,August,Gwynnda Trash Wheel,2023-08-10T00:00:00Z,2.22,15,1800,320,4200,NA,190,2500,NA,37
2023,August,Gwynnda Trash Wheel,2023-08-10T00:00:00Z,2.93,15,400,50,1000,NA,75,900,NA,48.83333333
2023,August,Gwynnda Trash Wheel,2023-08-10T00:00:00Z,2.48,15,10,0,200,NA,2,100,NA,41.33333333
2023,August,Gwynnda Trash Wheel,2023-08-24T00:00:00Z,2.17,15,1400,210,2600,NA,120,1800,NA,36.16666667
2023,August,Gwynnda Trash Wheel,2023-08-24T00:00:00Z,0.93,10,600,100,1200,NA,100,900,NA,15.5
2023,September,Gwynnda Trash Wheel,2023-09-14T00:00:00Z,3.1,15,2500,410,3900,NA,240,2700,NA,51.66666667
2023,September,Gwynnda Trash Wheel,2023-09-19T00:00:00Z,2.44,15,1100,210,2200,NA,180,1800,NA,40.66666667
2023,September,Gwynnda Trash Wheel,2023-09-19T00:00:00Z,3.8,15,2300,390,3800,NA,200,2100,NA,63.33333333
2023,September,Gwynnda Trash Wheel,2023-09-21T00:00:00Z,3.67,15,1000,190,2000,NA,110,1400,NA,61.16666667
2023,September,Gwynnda Trash Wheel,2023-09-21T00:00:00Z,2.84,15,1300,210,3100,NA,150,1900,NA,47.33333333
2023,September,Gwynnda Trash Wheel,2023-09-21T00:00:00Z,3.59,15,500,60,1800,NA,90,1100,NA,59.83333333
2023,September,Gwynnda Trash Wheel,2023-09-21T00:00:00Z,3.15,15,700,100,1200,NA,50,980,NA,52.5
2023,September,Gwynnda Trash Wheel,2023-09-22T00:00:00Z,3.52,15,20,14,150,NA,10,200,NA,58.66666667
2023,September,Gwynnda Trash Wheel,2023-09-22T00:00:00Z,2.98,15,0,0,0,NA,0,0,NA,49.66666667
2023,September,Gwynnda Trash Wheel,2023-09-25T00:00:00Z,3.5,15,1800,240,2900,NA,240,2200,NA,58.33333333
2023,September,Gwynnda Trash Wheel,2023-09-25T00:00:00Z,3.34,15,680,90,1800,NA,80,980,NA,55.66666667
2023,October,Gwynnda Trash Wheel,2023-10-28T00:00:00Z,1.87,15,2800,220,2100,NA,180,1900,NA,31.16666667
2023,November,Gwynnda Trash Wheel,2023-11-24T00:00:00Z,2.51,15,3300,320,3400,NA,280,2100,NA,41.83333333
2023,November,Gwynnda Trash Wheel,2023-11-24T00:00:00Z,2.64,15,2900,240,3200,NA,300,1600,NA,44
2023,November,Gwynnda Trash Wheel,2023-11-28T00:00:00Z,2.82,15,1800,300,2900,NA,220,2100,NA,47
2023,November,Gwynnda Trash Wheel,2023-11-28T00:00:00Z,2.75,15,2800,210,2500,NA,240,1200,NA,45.83333333
2023,November,Gwynnda Trash Wheel,2023-11-29T00:00:00Z,2.9,15,1000,140,1800,NA,120,1600,NA,48.33333333
2023,November,Gwynnda Trash Wheel,2023-11-29T00:00:00Z,2.98,15,2500,260,2200,NA,80,980,NA,49.66666667
2023,November,Gwynnda Trash Wheel,2023-11-30T00:00:00Z,2.99,15,950,80,1400,NA,50,1400,NA,49.83333333
2023,November,Gwynnda Trash Wheel,2023-11-30T00:00:00Z,3.44,15,360,50,800,NA,75,400,NA,57.33333333
2023,December,Gwynnda Trash Wheel,2023-12-01T00:00:00Z,3.27,15,0,0,0,NA,0,0,NA,54.5
2023,December,Gwynnda Trash Wheel,2023-12-12T00:00:00Z,2.99,15,3400,420,3600,NA,340,2100,NA,49.83333333
2023,December,Gwynnda Trash Wheel,2023-12-13T00:00:00Z,2.99,15,2700,290,3200,NA,280,1900,NA,49.83333333
2023,December,Gwynnda Trash Wheel,2023-12-16T00:00:00Z,2.99,15,3200,440,2700,NA,190,2400,NA,49.83333333
2023,December,Gwynnda Trash Wheel,2023-12-20T00:00:00Z,3.85,15,2800,320,2800,NA,240,1200,NA,64.16666667
2023,December,Gwynnda Trash Wheel,2023-12-20T00:00:00Z,3.36,15,1600,180,2100,NA,80,1600,NA,56
2023,December,Gwynnda Trash Wheel,2023-12-21T00:00:00Z,3.18,15,2900,300,3300,NA,100,1500,NA,53
2023,December,Gwynnda Trash Wheel,2023-12-21T00:00:00Z,2.86,15,2000,290,4200,NA,140,1800,NA,47.66666667
2023,December,Gwynnda Trash Wheel,2023-12-22T00:00:00Z,3.52,15,2500,340,1900,NA,80,980,NA,58.66666667
2023,December,Gwynnda Trash Wheel,2023-12-22T00:00:00Z,3.88,15,1400,210,2700,NA,180,2000,NA,64.66666667
2023,December,Gwynnda Trash Wheel,2023-12-23T00:00:00Z,3.95,15,800,100,1500,NA,60,940,NA,65.83333333
2023,December,Gwynnda Trash Wheel,2023-12-23T00:00:00Z,3.48,15,1500,240,2100,NA,120,1600,NA,58
2023,December,Gwynnda Trash Wheel,2023-12-26T00:00:00Z,4.24,15,2100,320,2900,NA,200,2500,NA,70.66666667
2023,December,Gwynnda Trash Wheel,2023-12-26T00:00:00Z,3.58,15,1400,120,2400,NA,100,1200,NA,59.66666667
2023,December,Gwynnda Trash Wheel,2023-12-26T00:00:00Z,3.96,15,980,50,1500,NA,60,800,NA,66
2023,December,Gwynnda Trash Wheel,2023-12-27T00:00:00Z,3.45,15,1800,100,3200,NA,180,1600,NA,57.5
2023,December,Gwynnda Trash Wheel,2023-12-27T00:00:00Z,3.96,15,500,40,1000,NA,40,750,NA,66
2023,December,Gwynnda Trash Wheel,2023-12-27T00:00:00Z,3.38,15,1200,90,1200,NA,60,1000,NA,56.33333333
2023,December,Gwynnda Trash Wheel,2023-12-28T00:00:00Z,4.02,15,180,24,360,NA,40,400,NA,67
2023,December,Gwynnda Trash Wheel,2023-12-29T00:00:00Z,3.49,15,0,0,0,NA,0,0,NA,58.16666667
2023,December,Gwynnda Trash Wheel,2023-12-29T00:00:00Z,3.29,15,0,0,0,NA,0,0,NA,54.83333333
2024,January,Gwynnda Trash Wheel,2024-01-08T00:00:00Z,3.15,15,1600,360,2800,NA,280,1500,NA,NA
2024,January,Gwynnda Trash Wheel,2024-01-08T00:00:00Z,3.61,15,2200,440,3800,NA,240,2200,NA,NA
2024,January,Gwynnda Trash Wheel,2024-01-12T00:00:00Z,3.34,15,1000,240,2400,NA,140,1600,NA,NA
2024,January,Gwynnda Trash Wheel,2024-01-13T00:00:00Z,3.56,15,980,270,1600,NA,100,900,NA,NA
2024,January,Gwynnda Trash Wheel,2024-01-13T00:00:00Z,3.99,15,850,150,1900,NA,320,2600,NA,NA
2024,January,Gwynnda Trash Wheel,2024-01-17T00:00:00Z,3.31,15,2100,390,2400,NA,400,3200,NA,NA
2024,January,Gwynnda Trash Wheel,2024-01-17T00:00:00Z,3.5,15,1100,270,3200,NA,420,2100,NA,NA
2024,January,Gwynnda Trash Wheel,2024-01-19T00:00:00Z,3.97,15,880,160,2000,NA,190,1800,NA,NA
2024,January,Gwynnda Trash Wheel,2024-01-19T00:00:00Z,3.81,15,1200,240,1900,NA,280,3000,NA,NA
2024,January,Gwynnda Trash Wheel,2024-01-24T00:00:00Z,3.95,15,2100,560,3800,NA,490,1900,NA,NA
2024,January,Gwynnda Trash Wheel,2024-01-24T00:00:00Z,3.84,15,900,250,2200,NA,330,3100,NA,NA
2024,January,Gwynnda Trash Wheel,2024-01-24T00:00:00Z,3.28,15,750,190,2700,NA,240,1800,NA,NA
2024,January,Gwynnda Trash Wheel,2024-01-25T00:00:00Z,4.09,15,1000,210,1200,NA,180,1400,NA,NA
2024,January,Gwynnda Trash Wheel,2024-01-25T00:00:00Z,3.56,15,1700,400,2700,NA,240,2000,NA,NA
2024,January,Gwynnda Trash Wheel,2024-01-25T00:00:00Z,3.47,15,850,140,1900,NA,200,900,NA,NA
2024,January,Gwynnda Trash Wheel,2024-01-25T00:00:00Z,3.72,15,300,100,800,NA,50,850,NA,NA
2024,January,Gwynnda Trash Wheel,2024-01-26T00:00:00Z,3.95,15,750,180,1200,NA,100,1100,NA,NA
2024,January,Gwynnda Trash Wheel,2024-01-26T00:00:00Z,3.84,15,1500,240,2000,NA,220,1400,NA,NA
2024,January,Gwynnda Trash Wheel,2024-01-26T00:00:00Z,3.91,15,540,80,990,NA,140,880,NA,NA
2024,January,Gwynnda Trash Wheel,2024-01-26T00:00:00Z,3.52,15,800,120,1100,NA,210,2200,NA,NA
2024,January,Gwynnda Trash Wheel,2024-01-27T00:00:00Z,4.02,15,250,50,800,NA,75,900,NA,NA
2024,January,Gwynnda Trash Wheel,2024-01-27T00:00:00Z,3.27,15,740,100,1400,NA,120,850,NA,NA
2024,January,Gwynnda Trash Wheel,2024-01-30T00:00:00Z,2.89,15,1400,250,2100,NA,220,1300,NA,NA
2024,January,Gwynnda Trash Wheel,2024-01-30T00:00:00Z,3.01,15,250,40,750,NA,48,400,NA,NA
2024,February,Gwynnda Trash Wheel,2024-02-17T00:00:00Z,3.44,15,1900,440,3200,NA,340,1900,NA,NA
2024,March,Gwynnda Trash Wheel,2024-03-06T00:00:00Z,2.68,15,2900,590,4100,NA,390,2600,NA,NA
2024,March,Gwynnda Trash Wheel,2024-03-14T00:00:00Z,2.7,15,1500,300,3900,NA,400,2100,NA,NA
2024,March,Gwynnda Trash Wheel,2024-03-23T00:00:00Z,2.3,15,3200,640,4200,NA,510,2700,NA,NA
2024,March,Gwynnda Trash Wheel,2024-03-29T00:00:00Z,2.29,15,1800,490,3100,NA,380,2100,NA,NA
2024,April,Gwynnda Trash Wheel,2024-04-04T00:00:00Z,3.07,15,2100,640,4500,NA,270,3400,NA,NA
2024,April,Gwynnda Trash Wheel,2024-04-04T00:00:00Z,3.06,15,4200,390,2900,NA,540,3900,NA,NA
2024,April,Gwynnda Trash Wheel,2024-04-05T00:00:00Z,3.08,15,2300,450,5100,NA,300,2700,NA,NA
2024,April,Gwynnda Trash Wheel,2024-04-05T00:00:00Z,2.93,15,3800,640,3900,NA,290,4900,NA,NA
2024,April,Gwynnda Trash Wheel,2024-04-05T00:00:00Z,3.43,15,800,100,2100,NA,120,1800,NA,NA
2024,April,Gwynnda Trash Wheel,2024-04-26T00:00:00Z,2.87,15,2900,290,4400,NA,450,4400,NA,NA
2024,May,Gwynnda Trash Wheel,2024-05-14T00:00:00Z,3.27,15,3100,400,5200,NA,410,2900,NA,NA
2024,May,Gwynnda Trash Wheel,2024-05-29T00:00:00Z,2.72,15,2900,540,3900,NA,280,3600,NA,NA
2024,May,Gwynnda Trash Wheel,2024-05-29T00:00:00Z,3,15,1200,290,2200,NA,200,1100,NA,NA
2024,May,Gwynnda Trash Wheel,2024-05-29T00:00:00Z,3.78,15,600,80,1800,NA,90,980,NA,NA
2024,May,Gwynnda Trash Wheel,2024-05-30T00:00:00Z,3.35,15,200,42,800,NA,75,610,NA,NA
2024,May,Gwynnda Trash Wheel,2024-05-31T00:00:00Z,3.55,15,75,64,660,NA,48,500,NA,NA
2024,June,Gwynnda Trash Wheel,2024-06-01T00:00:00Z,2.88,15,2400,620,3800,NA,380,3900,NA,NA
2024,June,Gwynnda Trash Wheel,2024-06-07T00:00:00Z,3.43,15,3200,640,4000,NA,470,4400,NA,NA
