year,month,gov_gop,sen_gop,rep_gop,gov_dem,sen_dem,rep_dem,president,close,unemployment_rate
1947,jan,23,51,253,23,45,198,dem,NA,NA
1947,feb,23,51,253,23,45,198,dem,NA,NA
1947,mar,23,51,253,23,45,198,dem,NA,NA
1947,apr,23,51,253,23,45,198,dem,NA,NA
1947,may,23,51,253,23,45,198,dem,NA,NA
1947,jun,23,51,253,23,45,198,dem,NA,NA
1947,jul,23,51,253,23,45,198,dem,NA,NA
1947,aug,23,51,253,23,45,198,dem,NA,NA
1947,sep,23,51,253,23,45,198,dem,NA,NA
1947,oct,23,51,253,23,45,198,dem,NA,NA
1947,nov,24,51,253,23,45,198,dem,NA,NA
1947,dec,24,51,253,23,45,198,dem,NA,NA
1948,jan,22,53,253,24,48,198,dem,NA,3.4
1948,feb,22,53,253,24,48,198,dem,NA,3.8
1948,mar,22,53,253,24,48,198,dem,NA,4
1948,apr,22,53,253,24,48,198,dem,NA,3.9
1948,may,22,53,253,24,48,198,dem,NA,3.5
1948,jun,22,53,253,24,48,198,dem,NA,3.6
1948,jul,22,53,253,24,48,198,dem,NA,3.6
1948,aug,22,53,253,24,48,198,dem,NA,3.9
1948,sep,22,53,253,24,48,198,dem,NA,3.8
1948,oct,22,53,253,24,48,198,dem,NA,3.7
1948,nov,22,53,253,24,48,198,dem,NA,3.8
1948,dec,22,53,253,24,48,198,dem,NA,4
1949,jan,18,45,177,29,58,269,dem,NA,4.3
1949,feb,18,45,177,29,58,269,dem,NA,4.7
1949,mar,18,45,177,29,58,269,dem,NA,5
1949,apr,18,45,177,29,58,269,dem,NA,5.3
1949,may,18,45,177,29,58,269,dem,NA,6.1
1949,jun,18,45,177,29,58,269,dem,NA,6.2
1949,jul,18,45,177,30,58,269,dem,NA,6.7
1949,aug,18,45,177,30,58,269,dem,NA,6.8
1949,sep,18,45,177,30,58,269,dem,NA,6.6
1949,oct,18,45,177,30,58,269,dem,NA,7.9
1949,nov,18,45,177,30,58,269,dem,NA,6.4
1949,dec,18,45,177,30,58,269,dem,NA,6.6
1950,jan,18,44,177,29,57,269,dem,NA,6.5
1950,feb,18,44,177,29,57,269,dem,NA,6.4
1950,mar,18,44,177,29,57,269,dem,NA,6.3
1950,apr,18,44,177,29,57,269,dem,NA,5.8
1950,may,18,44,177,29,57,269,dem,NA,5.5
1950,jun,18,44,177,29,57,269,dem,NA,5.4
1950,jul,18,44,177,29,57,269,dem,NA,5
1950,aug,18,44,177,29,57,269,dem,NA,4.5
1950,sep,18,44,177,29,57,269,dem,NA,4.4
1950,oct,18,44,177,29,57,269,dem,NA,4.2
1950,nov,18,44,177,29,57,269,dem,NA,4.2
1950,dec,18,44,177,29,57,269,dem,NA,4.3
1951,jan,24,47,207,22,51,242,dem,NA,3.7
1951,feb,24,47,207,22,51,242,dem,NA,3.4
1951,mar,24,47,207,22,51,242,dem,NA,3.4
1951,apr,24,47,207,22,51,242,dem,NA,3.1
1951,may,24,47,207,22,51,242,dem,NA,3
1951,jun,24,47,207,22,51,242,dem,NA,3.2
1951,jul,24,47,207,22,51,242,dem,NA,3.1
1951,aug,24,47,207,22,51,242,dem,NA,3.1
1951,sep,24,47,207,22,51,242,dem,NA,3.3
1951,oct,25,47,207,22,51,242,dem,NA,3.5
1951,nov,25,47,207,22,51,242,dem,NA,3.5
1951,dec,25,47,207,22,51,242,dem,NA,3.1
1952,jan,24,50,207,22,50,242,dem,NA,3.2
1952,feb,24,50,207,22,50,242,dem,NA,3.1
1952,mar,24,50,207,22,50,242,dem,NA,2.9
1952,apr,24,50,207,22,50,242,dem,NA,2.9
1952,may,24,50,207,22,50,242,dem,NA,3
1952,jun,24,50,207,22,50,242,dem,NA,3
1952,jul,24,50,207,22,50,242,dem,NA,3.2
1952,aug,24,50,207,22,50,242,dem,NA,3.4
1952,sep,24,50,207,22,50,242,dem,NA,3.1
1952,oct,24,50,207,22,50,242,dem,NA,3
1952,nov,24,50,207,22,50,242,dem,NA,2.8
1952,dec,24,50,207,22,50,242,dem,NA,2.7
1953,jan,29,50,222,17,49,220,gop,NA,2.9
1953,feb,29,50,222,17,49,220,gop,NA,2.6
1953,mar,29,50,222,17,49,220,gop,NA,2.6
1953,apr,29,50,222,17,49,220,gop,NA,2.7
1953,may,29,50,222,17,49,220,gop,NA,2.5
1953,jun,29,50,222,17,49,220,gop,NA,2.5
1953,jul,29,50,222,17,49,220,gop,NA,2.6
1953,aug,29,50,222,17,49,220,gop,NA,2.7
1953,sep,29,50,222,17,49,220,gop,NA,2.9
1953,oct,30,50,222,18,49,220,gop,NA,3.1
1953,nov,30,50,222,18,49,220,gop,NA,3.5
1953,dec,30,50,222,18,49,220,gop,NA,4.5
1954,jan,29,55,222,18,53,220,gop,NA,4.9
1954,feb,29,55,222,18,53,220,gop,NA,5.2
1954,mar,29,55,222,18,53,220,gop,NA,5.7
1954,apr,29,55,222,18,53,220,gop,NA,5.9
1954,may,29,55,222,18,53,220,gop,NA,5.9
1954,jun,29,55,222,18,53,220,gop,NA,5.6
1954,jul,29,55,222,18,53,220,gop,NA,5.8
1954,aug,29,55,222,18,53,220,gop,NA,6
1954,sep,29,55,222,18,53,220,gop,NA,6.1
1954,oct,29,55,222,18,53,220,gop,NA,5.7
1954,nov,29,55,222,19,53,220,gop,NA,5.3
1954,dec,29,55,222,19,53,220,gop,NA,5
1955,jan,21,47,204,26,48,237,gop,NA,4.9
1955,feb,21,47,204,26,48,237,gop,NA,4.7
1955,mar,21,47,204,26,48,237,gop,NA,4.6
1955,apr,21,47,204,26,48,237,gop,NA,4.7
1955,may,21,47,204,26,48,237,gop,NA,4.3
1955,jun,21,47,204,26,48,237,gop,NA,4.2
1955,jul,21,47,204,26,48,237,gop,NA,4
1955,aug,21,47,204,26,48,237,gop,NA,4.2
1955,sep,21,47,204,26,48,237,gop,NA,4.1
1955,oct,21,47,204,26,48,237,gop,NA,4.3
1955,nov,21,47,204,26,48,237,gop,NA,4.2
1955,dec,21,47,204,26,48,237,gop,NA,4.2
1956,jan,21,49,204,26,51,237,gop,NA,4
1956,feb,21,49,204,26,51,237,gop,NA,3.9
1956,mar,21,49,204,26,51,237,gop,NA,4.2
1956,apr,21,49,204,26,50,237,gop,NA,4
1956,may,21,49,204,26,50,237,gop,NA,4.3
1956,jun,21,49,204,26,50,237,gop,NA,4.3
1956,jul,21,49,204,26,50,237,gop,NA,4.4
1956,aug,21,49,204,26,50,237,gop,NA,4.1
1956,sep,21,49,204,26,50,237,gop,NA,3.9
1956,oct,21,49,204,26,50,237,gop,NA,3.9
1956,nov,21,49,204,26,51,237,gop,NA,4.3
1956,dec,21,49,204,26,51,237,gop,NA,4.2
1957,jan,19,47,203,28,52,242,gop,NA,4.2
1957,feb,19,47,203,28,52,242,gop,NA,3.9
1957,mar,19,47,203,28,52,242,gop,NA,3.7
1957,apr,19,47,203,28,52,242,gop,NA,3.9
1957,may,19,47,203,28,52,242,gop,NA,4.1
1957,jun,19,47,203,28,52,242,gop,NA,4.3
1957,jul,19,47,203,28,52,242,gop,NA,4.2
1957,aug,19,47,203,28,52,242,gop,NA,4.1
1957,sep,20,47,203,28,52,242,gop,NA,4.4
1957,oct,20,47,203,28,52,242,gop,NA,4.5
1957,nov,20,47,203,28,52,242,gop,NA,5.1
1957,dec,20,47,203,28,52,242,gop,NA,5.2
1958,jan,20,47,203,28,52,242,gop,NA,5.8
1958,feb,20,47,203,28,52,242,gop,NA,6.4
1958,mar,20,47,203,28,52,242,gop,NA,6.7
1958,apr,20,47,203,28,52,242,gop,NA,7.4
1958,may,20,47,203,28,52,242,gop,NA,7.4
1958,jun,20,47,203,28,52,242,gop,NA,7.3
1958,jul,20,47,203,28,52,242,gop,NA,7.5
1958,aug,20,47,203,28,52,242,gop,NA,7.4
1958,sep,20,47,203,28,52,242,gop,NA,7.1
1958,oct,20,47,203,28,52,242,gop,NA,6.7
1958,nov,20,47,203,28,52,242,gop,NA,6.2
1958,dec,20,47,203,28,52,242,gop,NA,6.2
1959,jan,15,35,159,35,65,289,gop,NA,6
1959,feb,15,35,159,35,65,289,gop,NA,5.9
1959,mar,15,35,159,35,65,289,gop,NA,5.6
1959,apr,15,35,159,35,65,289,gop,NA,5.2
1959,may,15,35,159,35,65,289,gop,NA,5.1
1959,jun,15,35,159,35,65,289,gop,NA,5
1959,jul,15,35,159,35,65,289,gop,NA,5.1
1959,aug,15,35,159,35,65,289,gop,NA,5.2
1959,sep,15,35,159,35,65,289,gop,NA,5.5
1959,oct,15,35,159,35,65,289,gop,NA,5.7
1959,nov,15,35,159,35,65,289,gop,NA,5.8
1959,dec,15,35,159,35,65,289,gop,NA,5.3
1960,jan,16,35,159,34,70,289,gop,NA,5.2
1960,feb,16,35,159,34,70,289,gop,NA,4.8
1960,mar,16,35,159,34,70,289,gop,NA,5.4
1960,apr,16,35,159,34,70,289,gop,NA,5.2
1960,may,16,35,159,34,70,289,gop,NA,5.1
1960,jun,16,35,159,34,70,289,gop,NA,5.4
1960,jul,16,35,159,34,70,289,gop,NA,5.5
1960,aug,16,35,159,34,70,289,gop,NA,5.6
1960,sep,17,35,159,34,70,289,gop,NA,5.5
1960,oct,17,35,159,34,70,289,gop,NA,6.1
1960,nov,17,35,159,34,70,289,gop,NA,6.1
1960,dec,17,35,159,34,70,289,gop,NA,6.6
1961,jan,16,37,176,34,64,273,dem,NA,6.6
1961,feb,16,37,176,34,64,273,dem,NA,6.9
1961,mar,16,37,176,34,64,273,dem,NA,6.9
1961,apr,16,37,176,34,64,273,dem,NA,7
1961,may,16,37,176,34,64,273,dem,NA,7.1
1961,jun,16,37,176,34,64,273,dem,NA,6.9
1961,jul,16,37,176,34,64,273,dem,NA,7
1961,aug,16,37,176,34,64,273,dem,NA,6.6
1961,sep,16,37,176,34,64,273,dem,NA,6.7
1961,oct,16,37,176,34,64,273,dem,NA,6.5
1961,nov,16,37,176,34,64,273,dem,NA,6.1
1961,dec,16,37,176,34,64,273,dem,NA,6
1962,jan,16,42,176,34,65,273,dem,NA,5.8
1962,feb,16,42,176,34,65,273,dem,NA,5.5
1962,mar,16,42,176,34,65,273,dem,NA,5.6
1962,apr,16,42,176,34,65,273,dem,NA,5.6
1962,may,16,42,176,34,65,273,dem,NA,5.5
1962,jun,16,42,176,34,65,273,dem,NA,5.5
1962,jul,16,42,176,34,65,273,dem,NA,5.4
1962,aug,16,42,176,34,65,273,dem,NA,5.7
1962,sep,16,42,176,34,65,273,dem,NA,5.6
1962,oct,16,42,176,34,65,273,dem,NA,5.4
1962,nov,16,42,176,34,65,273,dem,NA,5.7
1962,dec,16,42,176,34,65,273,dem,NA,5.5
1963,jan,17,34,182,33,68,262,dem,NA,5.7
1963,feb,17,34,182,33,68,262,dem,NA,5.9
1963,mar,16,34,182,34,68,262,dem,NA,5.7
1963,apr,16,34,182,34,68,262,dem,NA,5.7
1963,may,16,34,182,34,68,262,dem,NA,5.9
1963,jun,16,34,182,34,68,262,dem,NA,5.6
1963,jul,16,34,182,34,68,262,dem,NA,5.6
1963,aug,16,34,182,34,68,262,dem,NA,5.4
1963,sep,16,34,182,34,68,262,dem,NA,5.5
1963,oct,16,34,182,34,68,262,dem,NA,5.5
1963,nov,16,34,182,34,68,262,dem,NA,5.7
1963,dec,16,34,182,34,68,262,dem,NA,5.5
1964,jan,16,34,182,34,71,262,dem,NA,5.6
1964,feb,16,34,182,34,71,262,dem,NA,5.4
1964,mar,16,34,182,34,71,262,dem,NA,5.4
1964,apr,16,34,182,34,71,262,dem,NA,5.3
1964,may,16,34,182,34,71,262,dem,NA,5.1
1964,jun,16,34,182,34,71,262,dem,NA,5.2
1964,jul,16,34,182,34,71,262,dem,NA,4.9
1964,aug,16,34,182,34,71,262,dem,NA,5
1964,sep,16,34,182,34,71,262,dem,NA,5.1
1964,oct,16,34,182,34,71,262,dem,NA,5.1
1964,nov,16,34,182,34,71,262,dem,NA,4.8
1964,dec,16,34,182,34,71,262,dem,NA,5
1965,jan,17,32,141,33,69,301,dem,NA,4.9
1965,feb,17,32,141,33,69,301,dem,NA,5.1
1965,mar,17,32,141,33,69,301,dem,NA,4.7
1965,apr,17,32,141,33,69,301,dem,NA,4.8
1965,may,17,32,141,33,69,301,dem,NA,4.6
1965,jun,17,32,141,33,69,301,dem,NA,4.6
1965,jul,17,32,141,33,69,301,dem,NA,4.4
1965,aug,17,32,141,33,69,301,dem,NA,4.4
1965,sep,17,32,141,33,69,301,dem,NA,4.3
1965,oct,17,32,141,33,69,301,dem,NA,4.2
1965,nov,17,32,141,33,69,301,dem,NA,4.1
1965,dec,17,32,141,33,69,301,dem,NA,4
1966,jan,18,33,141,33,70,301,dem,NA,4
1966,feb,18,33,141,33,70,301,dem,NA,3.8
1966,mar,18,33,141,33,70,301,dem,NA,3.8
1966,apr,18,33,141,33,70,301,dem,NA,3.8
1966,may,18,33,141,33,70,301,dem,NA,3.9
1966,jun,18,33,141,33,70,301,dem,NA,3.8
1966,jul,18,33,141,33,70,301,dem,NA,3.8
1966,aug,18,33,141,33,70,301,dem,NA,3.8
1966,sep,18,33,141,33,70,301,dem,NA,3.7
1966,oct,18,33,141,33,70,301,dem,NA,3.7
1966,nov,18,33,141,33,70,301,dem,NA,3.6
1966,dec,18,33,141,33,70,301,dem,NA,3.8
1967,jan,25,36,188,27,64,251,dem,NA,3.9
1967,feb,25,36,188,27,64,251,dem,NA,3.8
1967,mar,25,36,188,27,64,251,dem,NA,3.8
1967,apr,25,36,188,27,64,251,dem,NA,3.8
1967,may,25,36,188,27,64,251,dem,NA,3.8
1967,jun,25,36,188,27,64,251,dem,NA,3.9
1967,jul,25,36,188,27,64,251,dem,NA,3.8
1967,aug,25,36,188,27,64,251,dem,NA,3.8
1967,sep,25,36,188,27,64,251,dem,NA,3.8
1967,oct,25,36,188,27,64,251,dem,NA,4
1967,nov,25,36,188,27,64,251,dem,NA,3.9
1967,dec,25,36,188,27,64,251,dem,NA,3.8
1968,jan,26,39,188,26,65,251,dem,NA,3.7
1968,feb,26,39,188,26,65,251,dem,NA,3.8
1968,mar,26,39,188,26,65,251,dem,NA,3.7
1968,apr,26,39,188,26,65,251,dem,NA,3.5
1968,may,26,39,188,26,65,251,dem,NA,3.5
1968,jun,26,39,188,26,65,251,dem,NA,3.7
1968,jul,26,39,188,26,65,251,dem,NA,3.7
1968,aug,26,39,188,26,65,251,dem,NA,3.5
1968,sep,26,39,188,26,65,251,dem,NA,3.4
1968,oct,26,39,188,26,65,251,dem,NA,3.4
1968,nov,26,39,188,26,65,251,dem,NA,3.4
1968,dec,26,39,188,26,65,251,dem,NA,3.4
1969,jan,31,43,199,22,57,250,gop,NA,3.4
1969,feb,31,43,199,22,57,250,gop,NA,3.4
1969,mar,31,43,199,22,57,250,gop,NA,3.4
1969,apr,31,43,199,22,57,250,gop,NA,3.4
1969,may,31,43,199,22,57,250,gop,NA,3.4
1969,jun,31,43,199,22,57,250,gop,NA,3.5
1969,jul,31,43,199,22,57,250,gop,NA,3.5
1969,aug,31,43,199,22,57,250,gop,NA,3.5
1969,sep,31,43,199,22,57,250,gop,NA,3.7
1969,oct,31,43,199,22,57,250,gop,NA,3.7
1969,nov,31,43,199,22,57,250,gop,NA,3.5
1969,dec,31,43,199,22,57,250,gop,NA,3.5
1970,jan,32,43,199,20,58,250,gop,NA,3.9
1970,feb,32,43,199,20,58,250,gop,NA,4.2
1970,mar,32,43,199,20,58,250,gop,NA,4.4
1970,apr,32,43,199,20,58,250,gop,NA,4.6
1970,may,32,43,199,20,58,250,gop,NA,4.8
1970,jun,32,43,199,20,58,250,gop,NA,4.9
1970,jul,32,43,199,20,58,250,gop,NA,5
1970,aug,32,43,199,20,58,250,gop,NA,5.1
1970,sep,32,43,199,20,58,250,gop,NA,5.4
1970,oct,32,43,199,20,58,250,gop,NA,5.5
1970,nov,32,43,199,20,58,250,gop,NA,5.9
1970,dec,32,43,199,20,58,250,gop,NA,6.1
1971,jan,21,44,185,30,55,259,gop,NA,5.9
1971,feb,21,44,185,30,55,259,gop,NA,5.9
1971,mar,21,44,185,30,55,259,gop,NA,6
1971,apr,21,44,185,30,55,259,gop,NA,5.9
1971,may,21,44,185,30,55,259,gop,NA,5.9
1971,jun,21,44,185,30,55,259,gop,NA,5.9
1971,jul,21,44,185,30,55,259,gop,NA,6
1971,aug,21,44,185,30,55,259,gop,NA,6.1
1971,sep,21,44,185,30,55,259,gop,NA,6
1971,oct,21,44,185,30,55,259,gop,NA,5.8
1971,nov,21,44,185,30,55,259,gop,NA,6
1971,dec,21,44,185,30,55,259,gop,NA,6
1972,jan,20,44,185,31,57,259,gop,NA,5.8
1972,feb,20,44,185,31,57,259,gop,NA,5.7
1972,mar,20,44,185,31,57,259,gop,NA,5.8
1972,apr,20,44,185,31,57,259,gop,NA,5.7
1972,may,20,44,185,31,57,259,gop,NA,5.7
1972,jun,20,44,185,31,57,259,gop,NA,5.7
1972,jul,20,44,185,31,57,259,gop,NA,5.6
1972,aug,20,44,185,31,57,259,gop,NA,5.6
1972,sep,20,44,185,31,57,259,gop,NA,5.5
1972,oct,20,44,185,31,57,259,gop,NA,5.6
1972,nov,20,44,185,31,57,259,gop,NA,5.3
1972,dec,20,44,185,31,57,259,gop,NA,5.2
1973,jan,19,42,195,32,56,249,gop,NA,4.9
1973,feb,19,42,195,32,56,249,gop,NA,5
1973,mar,19,42,195,32,56,249,gop,NA,4.9
1973,apr,19,42,195,32,56,249,gop,NA,5
1973,may,19,42,195,32,56,249,gop,NA,4.9
1973,jun,19,42,195,32,56,249,gop,NA,4.9
1973,jul,19,42,195,32,56,249,gop,NA,4.8
1973,aug,20,42,195,32,56,249,gop,NA,4.8
1973,sep,20,42,195,32,56,249,gop,NA,4.8
1973,oct,20,42,195,32,56,249,gop,NA,4.6
1973,nov,20,42,195,32,56,249,gop,NA,4.8
1973,dec,20,42,195,32,56,249,gop,NA,4.9
1974,jan,18,45,195,34,59,249,gop,NA,5.1
1974,feb,18,45,195,34,59,249,gop,NA,5.2
1974,mar,18,45,195,34,59,249,gop,NA,5.1
1974,apr,18,45,195,34,59,249,gop,NA,5.1
1974,may,18,45,195,34,59,249,gop,NA,5.1
1974,jun,18,45,195,34,59,249,gop,NA,5.4
1974,jul,18,45,195,34,59,249,gop,NA,5.5
1974,aug,18,45,195,34,59,249,gop,NA,5.5
1974,sep,18,45,195,34,59,249,gop,NA,5.9
1974,oct,18,45,195,34,59,249,gop,NA,6
1974,nov,18,45,195,34,59,249,gop,NA,6.6
1974,dec,18,45,195,34,59,249,gop,NA,7.2
1975,jan,13,38,148,37,61,295,gop,NA,8.1
1975,feb,13,38,148,37,61,295,gop,NA,8.1
1975,mar,13,38,148,37,61,295,gop,NA,8.6
1975,apr,13,38,148,37,61,295,gop,NA,8.8
1975,may,13,38,148,37,61,295,gop,NA,9
1975,jun,13,38,148,37,61,295,gop,NA,8.8
1975,jul,13,38,148,37,61,295,gop,NA,8.6
1975,aug,13,38,148,37,61,295,gop,NA,8.4
1975,sep,13,38,148,37,61,295,gop,NA,8.4
1975,oct,13,38,148,37,61,295,gop,NA,8.4
1975,nov,13,38,148,37,61,295,gop,NA,8.3
1975,dec,13,38,148,37,61,295,gop,NA,8.2
1976,jan,13,39,148,37,65,295,gop,NA,7.9
1976,feb,13,39,148,37,65,295,gop,NA,7.7
1976,mar,13,39,148,37,65,295,gop,NA,7.6
1976,apr,13,39,148,37,65,295,gop,NA,7.7
1976,may,13,39,148,37,65,295,gop,NA,7.4
1976,jun,13,39,148,37,65,295,gop,NA,7.6
1976,jul,13,39,148,37,65,295,gop,NA,7.8
1976,aug,13,39,148,37,65,295,gop,NA,7.8
1976,sep,13,39,148,37,65,295,gop,NA,7.6
1976,oct,13,39,148,37,65,295,gop,NA,7.7
1976,nov,13,39,148,37,65,295,gop,NA,7.8
1976,dec,13,39,148,37,65,295,gop,NA,7.8
1977,jan,12,38,147,38,62,294,dem,NA,7.5
1977,feb,12,38,147,38,62,294,dem,NA,7.6
1977,mar,12,38,147,38,62,294,dem,NA,7.4
1977,apr,12,38,147,38,62,294,dem,NA,7.2
1977,may,12,38,147,38,62,294,dem,NA,7
1977,jun,12,38,147,39,62,294,dem,NA,7.2
1977,jul,12,38,147,40,62,294,dem,NA,6.9
1977,aug,12,38,147,40,62,294,dem,NA,7
1977,sep,12,38,147,40,62,294,dem,NA,6.8
1977,oct,12,38,147,40,62,294,dem,NA,6.8
1977,nov,12,38,147,41,62,294,dem,NA,6.8
1977,dec,12,38,147,41,62,294,dem,NA,6.4
1978,jan,12,41,147,38,66,294,dem,NA,6.4
1978,feb,12,41,147,38,66,294,dem,NA,6.3
1978,mar,12,41,147,38,66,294,dem,NA,6.3
1978,apr,12,41,147,38,66,294,dem,NA,6.1
1978,may,12,41,147,38,66,294,dem,NA,6
1978,jun,12,41,147,38,66,294,dem,NA,5.9
1978,jul,12,41,147,38,66,294,dem,NA,6.2
1978,aug,12,41,147,39,66,294,dem,NA,5.9
1978,sep,12,41,147,39,66,294,dem,NA,6
1978,oct,12,41,147,39,66,294,dem,NA,5.8
1978,nov,12,41,147,39,66,294,dem,NA,5.9
1978,dec,12,41,147,39,66,294,dem,NA,6
1979,jan,19,41,160,32,58,280,dem,NA,5.9
1979,feb,19,41,160,32,58,280,dem,NA,5.9
1979,mar,19,41,160,32,58,280,dem,NA,5.8
1979,apr,19,41,160,32,58,280,dem,NA,5.8
1979,may,19,41,160,32,58,280,dem,NA,5.6
1979,jun,19,41,160,32,58,280,dem,NA,5.7
1979,jul,19,41,160,32,58,280,dem,NA,5.7
1979,aug,19,41,160,32,58,280,dem,NA,6
1979,sep,19,41,160,32,58,280,dem,NA,5.9
1979,oct,19,41,160,32,58,280,dem,NA,6
1979,nov,19,41,160,32,58,280,dem,NA,5.9
1979,dec,19,41,160,32,58,280,dem,NA,6
1980,jan,19,42,160,32,59,280,dem,NA,6.3
1980,feb,19,42,160,32,59,280,dem,NA,6.3
1980,mar,20,42,160,31,59,280,dem,NA,6.3
1980,apr,20,42,160,31,59,280,dem,NA,6.9
1980,may,20,42,160,31,59,280,dem,NA,7.5
1980,jun,20,42,160,31,59,280,dem,NA,7.6
1980,jul,20,42,160,31,59,280,dem,NA,7.8
1980,aug,20,42,160,31,59,280,dem,NA,7.7
1980,sep,20,42,160,31,59,280,dem,NA,7.5
1980,oct,20,42,160,31,59,280,dem,NA,7.5
1980,nov,20,42,160,31,59,280,dem,NA,7.5
1980,dec,20,42,160,31,59,280,dem,NA,7.2
1981,jan,24,53,196,27,46,246,gop,NA,7.5
1981,feb,24,53,196,27,46,246,gop,NA,7.4
1981,mar,24,53,196,27,46,246,gop,NA,7.4
1981,apr,24,53,196,27,46,246,gop,NA,7.2
1981,may,24,53,196,27,46,246,gop,NA,7.5
1981,jun,24,53,196,27,46,246,gop,NA,7.5
1981,jul,24,53,196,27,46,246,gop,NA,7.2
1981,aug,24,53,196,27,46,246,gop,NA,7.4
1981,sep,24,53,196,27,46,246,gop,NA,7.6
1981,oct,24,53,196,27,46,246,gop,NA,7.9
1981,nov,24,53,196,27,46,246,gop,NA,8.3
1981,dec,24,53,196,27,46,246,gop,NA,8.5
1982,jan,24,54,196,27,47,246,gop,NA,8.6
1982,feb,24,54,196,27,47,246,gop,NA,8.9
1982,mar,24,54,196,27,47,246,gop,NA,9
1982,apr,24,54,196,27,47,246,gop,NA,9.3
1982,may,24,54,196,27,47,246,gop,NA,9.4
1982,jun,24,54,196,27,47,246,gop,NA,9.6
1982,jul,24,54,196,27,47,246,gop,NA,9.8
1982,aug,24,54,196,27,47,246,gop,NA,9.8
1982,sep,24,54,196,27,47,246,gop,NA,10.1
1982,oct,24,54,196,27,47,246,gop,NA,10.4
1982,nov,24,54,196,27,47,246,gop,NA,10.8
1982,dec,24,54,196,27,47,246,gop,NA,10.8
1983,jan,16,55,168,34,46,272,gop,NA,10.4
1983,feb,16,55,168,34,46,272,gop,NA,10.4
1983,mar,16,55,168,34,46,272,gop,NA,10.3
1983,apr,16,55,168,34,46,271,gop,NA,10.2
1983,may,16,55,168,34,46,271,gop,NA,10.1
1983,jun,16,55,168,34,46,271,gop,NA,10.1
1983,jul,16,55,168,34,46,272,gop,NA,9.4
1983,aug,16,55,168,34,46,272,gop,NA,9.5
1983,sep,16,55,168,34,46,272,gop,NA,9.2
1983,oct,16,55,168,34,46,272,gop,NA,8.8
1983,nov,16,55,168,34,46,272,gop,NA,8.5
1983,dec,16,55,168,34,46,272,gop,NA,8.3
1984,jan,16,55,168,34,45,271,gop,NA,8
1984,feb,16,55,168,34,45,271,gop,NA,7.8
1984,mar,15,55,168,34,45,271,gop,NA,7.8
1984,apr,15,55,168,34,45,271,gop,NA,7.7
1984,may,15,55,168,35,45,271,gop,NA,7.4
1984,jun,15,55,168,35,45,271,gop,NA,7.2
1984,jul,15,55,168,35,45,271,gop,NA,7.5
1984,aug,15,55,168,35,45,271,gop,NA,7.5
1984,sep,15,55,168,35,45,271,gop,NA,7.3
1984,oct,15,55,168,35,45,271,gop,NA,7.4
1984,nov,15,55,168,35,45,271,gop,NA,7.2
1984,dec,15,55,168,35,45,271,gop,NA,7.3
1985,jan,16,53,183,34,47,257,gop,NA,7.3
1985,feb,16,53,183,34,47,257,gop,NA,7.2
1985,mar,16,53,183,34,47,257,gop,NA,7.2
1985,apr,16,53,183,34,47,257,gop,NA,7.3
1985,may,16,53,183,34,47,257,gop,NA,7.2
1985,jun,16,53,183,34,47,257,gop,NA,7.4
1985,jul,16,53,183,34,47,257,gop,NA,7.4
1985,aug,16,53,183,34,47,257,gop,NA,7.1
1985,sep,16,53,183,34,47,257,gop,NA,7.1
1985,oct,16,53,183,34,47,257,gop,NA,7.1
1985,nov,16,53,183,34,47,257,gop,NA,7
1985,dec,16,53,183,34,47,257,gop,NA,7
1986,jan,16,53,183,34,48,257,gop,NA,6.7
1986,feb,16,53,183,34,48,257,gop,NA,7.2
1986,mar,16,53,183,34,48,257,gop,NA,7.2
1986,apr,16,53,183,34,48,257,gop,NA,7.1
1986,may,16,53,183,34,48,257,gop,NA,7.2
1986,jun,16,53,183,34,48,257,gop,NA,7.2
1986,jul,16,54,183,34,48,257,gop,NA,7
1986,aug,16,54,183,34,48,257,gop,NA,6.9
1986,sep,16,54,183,34,48,257,gop,NA,7
1986,oct,16,54,183,34,48,257,gop,NA,7
1986,nov,16,54,183,34,48,257,gop,NA,6.9
1986,dec,16,54,183,34,48,257,gop,NA,6.6
1987,jan,24,46,179,27,55,262,gop,NA,6.6
1987,feb,24,46,179,27,55,262,gop,NA,6.6
1987,mar,24,46,179,27,55,262,gop,NA,6.6
1987,apr,24,46,179,27,55,262,gop,NA,6.3
1987,may,24,46,179,27,55,262,gop,NA,6.3
1987,jun,24,46,179,27,55,262,gop,NA,6.2
1987,jul,24,46,179,27,55,262,gop,NA,6.1
1987,aug,24,46,179,27,55,262,gop,NA,6
1987,sep,24,46,179,27,55,262,gop,NA,5.9
1987,oct,24,46,179,27,55,262,gop,NA,6
1987,nov,24,46,179,27,55,262,gop,NA,5.8
1987,dec,24,46,179,27,55,262,gop,NA,5.7
1988,jan,24,46,179,28,54,262,gop,NA,5.7
1988,feb,24,46,179,28,54,262,gop,NA,5.7
1988,mar,25,46,179,28,54,262,gop,NA,5.7
1988,apr,24,46,179,28,54,262,gop,NA,5.4
1988,may,24,46,179,28,54,262,gop,NA,5.6
1988,jun,24,46,179,28,54,262,gop,NA,5.4
1988,jul,24,46,178,28,54,262,gop,NA,5.4
1988,aug,24,46,178,28,54,262,gop,NA,5.6
1988,sep,24,46,178,28,54,262,gop,NA,5.4
1988,oct,24,46,178,28,54,262,gop,NA,5.4
1988,nov,24,46,179,28,54,262,gop,NA,5.3
1988,dec,24,46,179,28,54,262,gop,NA,5.3
1989,jan,23,46,178,29,55,264,gop,NA,5.4
1989,feb,23,46,178,29,55,264,gop,NA,5.2
1989,mar,23,46,178,29,55,264,gop,NA,5
1989,apr,23,46,178,29,55,264,gop,NA,5.2
1989,may,23,46,178,29,55,264,gop,NA,5.2
1989,jun,23,46,178,29,55,262,gop,NA,5.3
1989,jul,23,46,178,29,55,261,gop,NA,5.2
1989,aug,23,46,178,29,55,261,gop,NA,5.2
1989,sep,23,46,178,29,55,261,gop,NA,5.3
1989,oct,23,46,178,29,55,261,gop,NA,5.3
1989,nov,23,46,178,29,55,261,gop,NA,5.4
1989,dec,23,46,178,29,55,261,gop,NA,5.4
1990,jan,22,46,176,30,55,258,gop,NA,5.4
1990,feb,22,46,176,30,55,258,gop,NA,5.3
1990,mar,22,46,176,30,55,258,gop,NA,5.2
1990,apr,22,46,176,30,55,258,gop,NA,5.4
1990,may,22,46,176,30,55,257,gop,NA,5.4
1990,jun,22,46,176,30,56,257,gop,NA,5.2
1990,jul,22,46,176,30,56,257,gop,NA,5.5
1990,aug,22,46,176,30,56,257,gop,NA,5.7
1990,sep,22,46,176,30,56,257,gop,NA,5.9
1990,oct,22,46,176,30,56,258,gop,NA,5.9
1990,nov,22,46,176,30,56,259,gop,NA,6.2
1990,dec,22,46,176,30,56,259,gop,NA,6.3
1991,jan,20,45,168,29,57,269,gop,NA,6.4
1991,feb,20,45,168,29,57,269,gop,NA,6.6
1991,mar,21,45,166,28,57,269,gop,NA,6.8
1991,apr,21,45,166,28,57,269,gop,NA,6.7
1991,may,21,45,166,28,57,268,gop,NA,6.9
1991,jun,21,45,166,28,57,268,gop,NA,6.9
1991,jul,21,45,166,28,57,268,gop,NA,6.8
1991,aug,21,45,166,29,57,268,gop,NA,6.9
1991,sep,21,45,166,29,57,268,gop,NA,6.9
1991,oct,21,45,166,29,57,268,gop,NA,7
1991,nov,21,45,167,29,57,269,gop,NA,7
1991,dec,21,45,167,29,57,269,gop,NA,7.3
1992,jan,20,43,166,27,58,268,gop,NA,7.3
1992,feb,20,43,166,27,58,268,gop,NA,7.4
1992,mar,20,43,166,28,58,268,gop,NA,7.4
1992,apr,20,43,166,28,58,268,gop,NA,7.4
1992,may,20,43,166,28,58,268,gop,NA,7.6
1992,jun,20,43,166,28,58,268,gop,NA,7.8
1992,jul,20,43,166,28,58,268,gop,NA,7.7
1992,aug,20,43,166,28,58,268,gop,NA,7.6
1992,sep,20,43,166,28,58,268,gop,NA,7.6
1992,oct,20,43,166,28,59,268,gop,NA,7.3
1992,nov,20,43,166,28,60,270,gop,NA,7.4
1992,dec,20,43,166,28,60,270,gop,NA,7.4
1993,jan,18,46,175,30,57,255,dem,NA,7.3
1993,feb,18,46,175,30,57,255,dem,NA,7.1
1993,mar,18,46,175,30,57,255,dem,NA,7
1993,apr,18,46,175,30,57,256,dem,NA,7.1
1993,may,17,46,177,31,57,257,dem,NA,7.1
1993,jun,17,46,178,31,57,258,dem,NA,7
1993,jul,17,46,178,31,57,258,dem,NA,6.9
1993,aug,17,46,178,31,57,258,dem,NA,6.8
1993,sep,17,46,178,31,57,258,dem,NA,6.7
1993,oct,17,46,178,31,57,258,dem,NA,6.8
1993,nov,17,46,178,31,57,258,dem,NA,6.6
1993,dec,17,46,178,31,57,258,dem,NA,6.5
1994,jan,19,48,178,28,54,257,dem,NA,6.6
1994,feb,19,48,178,28,54,257,dem,NA,6.6
1994,mar,19,48,178,28,54,257,dem,NA,6.5
1994,apr,19,48,178,28,54,256,dem,NA,6.4
1994,may,19,48,178,28,54,256,dem,NA,6.1
1994,jun,19,48,178,28,54,256,dem,NA,6.1
1994,jul,19,48,178,28,54,256,dem,NA,6.1
1994,aug,19,48,178,28,54,256,dem,NA,6
1994,sep,19,48,178,28,54,256,dem,NA,5.9
1994,oct,19,48,178,28,54,256,dem,NA,5.8
1994,nov,19,48,178,28,54,256,dem,NA,5.6
1994,dec,19,48,178,28,54,256,dem,NA,5.5
1995,jan,30,54,235,20,46,199,dem,NA,5.6
1995,feb,30,54,235,20,46,199,dem,NA,5.4
1995,mar,30,54,235,20,46,199,dem,NA,5.4
1995,apr,30,54,235,20,46,199,dem,NA,5.8
1995,may,30,54,235,20,46,199,dem,NA,5.6
1995,jun,30,54,235,20,46,199,dem,NA,5.6
1995,jul,30,54,235,20,46,199,dem,NA,5.7
1995,aug,30,54,235,20,46,199,dem,NA,5.7
1995,sep,30,54,235,20,46,199,dem,NA,5.6
1995,oct,30,54,235,20,46,199,dem,NA,5.5
1995,nov,30,54,235,20,46,199,dem,NA,5.6
1995,dec,30,54,235,20,46,199,dem,NA,5.6
1996,jan,31,54,236,19,47,196,dem,NA,5.6
1996,feb,31,54,236,19,47,196,dem,NA,5.5
1996,mar,31,54,236,19,47,195,dem,NA,5.5
1996,apr,31,54,236,19,47,196,dem,NA,5.6
1996,may,31,54,236,19,47,197,dem,NA,5.6
1996,jun,31,54,236,19,47,198,dem,NA,5.3
1996,jul,32,54,235,19,47,198,dem,NA,5.5
1996,aug,32,54,235,19,47,198,dem,NA,5.1
1996,sep,32,54,235,19,47,198,dem,NA,5.2
1996,oct,32,54,235,19,47,198,dem,NA,5.2
1996,nov,32,55,235,19,47,198,dem,NA,5.4
1996,dec,32,55,235,19,47,198,dem,NA,5.4
1997,jan,32,55,227,18,45,207,dem,NA,5.3
1997,feb,32,55,227,18,45,207,dem,NA,5.2
1997,mar,32,55,227,18,45,207,dem,NA,5.2
1997,apr,32,55,227,18,45,207,dem,NA,5.1
1997,may,32,55,228,18,45,207,dem,NA,4.9
1997,jun,32,55,228,18,45,207,dem,NA,5
1997,jul,32,55,228,18,45,207,dem,NA,4.9
1997,aug,33,55,228,18,45,207,dem,NA,4.8
1997,sep,34,55,228,18,45,207,dem,NA,4.9
1997,oct,34,55,228,18,45,207,dem,NA,4.7
1997,nov,34,55,229,18,45,207,dem,NA,4.6
1997,dec,34,55,229,18,45,207,dem,NA,4.7
1998,jan,32,55,227,18,45,203,dem,NA,4.6
1998,feb,32,55,227,18,45,203,dem,NA,4.6
1998,mar,32,55,227,18,45,204,dem,NA,4.7
1998,apr,32,55,227,18,45,205,dem,NA,4.3
1998,may,32,55,227,18,45,205,dem,NA,4.4
1998,jun,32,55,227,18,45,206,dem,NA,4.5
1998,jul,32,55,228,18,45,206,dem,NA,4.5
1998,aug,32,55,228,18,45,206,dem,NA,4.5
1998,sep,32,55,228,18,45,206,dem,NA,4.6
1998,oct,32,55,228,18,45,206,dem,NA,4.5
1998,nov,32,55,228,18,45,206,dem,NA,4.4
1998,dec,32,55,228,18,45,206,dem,NA,4.4
1999,jan,31,55,223,17,45,210,dem,NA,4.3
1999,feb,31,55,223,17,45,210,dem,NA,4.4
1999,mar,31,55,222,17,45,210,dem,NA,4.2
1999,apr,31,55,222,17,45,210,dem,NA,4.3
1999,may,31,55,222,17,45,210,dem,NA,4.2
1999,jun,31,55,223,17,45,210,dem,NA,4.3
1999,jul,31,55,223,17,45,210,dem,NA,4.3
1999,aug,31,55,223,17,45,210,dem,NA,4.2
1999,sep,31,55,223,17,45,210,dem,NA,4.2
1999,oct,31,55,223,17,45,210,dem,NA,4.1
1999,nov,31,56,223,17,45,211,dem,NA,4.1
1999,dec,31,56,223,17,45,211,dem,NA,4
2000,jan,30,55,223,18,45,210,dem,1394.459961,4
2000,feb,30,55,223,18,45,210,dem,1366.420044,4.1
2000,mar,30,55,223,18,45,210,dem,1498.579956,4
2000,apr,30,55,223,18,45,210,dem,1452.430054,3.8
2000,may,30,55,223,18,45,210,dem,1420.599976,4
2000,jun,30,55,223,18,45,210,dem,1454.599976,4
2000,jul,30,55,223,18,45,210,dem,1430.829956,4
2000,aug,30,55,223,18,46,210,dem,1517.680054,4.1
2000,sep,30,55,223,18,46,210,dem,1436.51001,3.9
2000,oct,30,55,223,18,46,210,dem,1429.400024,3.9
2000,nov,30,55,223,19,46,210,dem,1314.949951,3.9
2000,dec,30,55,223,19,46,210,dem,1320.280029,3.9
2001,jan,29,49,220,19,50,211,gop,1366.01001,4.2
2001,feb,29,49,220,19,50,211,gop,1239.939941,4.2
2001,mar,29,49,220,19,50,211,gop,1160.329956,4.3
2001,apr,29,49,220,19,50,210,gop,1249.459961,4.4
2001,may,29,49,220,19,50,210,gop,1255.819946,4.3
2001,jun,29,49,221,19,50,210,gop,1224.380005,4.5
2001,jul,29,49,222,19,50,210,gop,1211.22998,4.6
2001,aug,29,49,222,19,50,210,gop,1133.579956,4.9
2001,sep,29,49,222,19,50,210,gop,1040.939941,5
2001,oct,30,49,222,19,50,210,gop,1059.780029,5.3
2001,nov,30,49,223,19,50,211,gop,1139.449951,5.5
2001,dec,30,49,223,19,50,211,gop,1148.079956,5.7
2002,jan,27,50,221,21,50,211,gop,1130.199951,5.7
2002,feb,27,50,221,21,50,211,gop,1106.72998,5.7
2002,mar,27,50,222,21,50,211,gop,1147.390015,5.7
2002,apr,27,50,222,21,50,211,gop,1076.920044,5.9
2002,may,27,50,222,21,50,211,gop,1067.140015,5.8
2002,jun,27,50,222,21,50,211,gop,989.820007,5.8
2002,jul,27,50,222,21,50,211,gop,911.619995,5.8
2002,aug,27,50,222,21,50,211,gop,916.070007,5.7
2002,sep,27,50,222,21,50,211,gop,815.280029,5.7
2002,oct,27,50,222,21,50,211,gop,885.76001,5.7
2002,nov,27,50,222,21,50,211,gop,936.309998,5.9
2002,dec,27,50,222,21,50,211,gop,879.820007,6
2003,jan,26,51,231,24,48,203,gop,855.700012,5.8
2003,feb,26,51,231,24,48,203,gop,841.150024,5.9
2003,mar,26,51,231,24,48,203,gop,848.179993,5.9
2003,apr,26,51,231,24,48,203,gop,916.919983,6
2003,may,26,51,231,24,48,203,gop,963.590027,6.1
2003,jun,26,51,231,24,48,203,gop,974.5,6.3
2003,jul,26,51,231,24,48,203,gop,990.309998,6.2
2003,aug,26,51,231,24,48,203,gop,1008.01001,6.1
2003,sep,26,51,231,25,48,203,gop,995.969971,6.1
2003,oct,26,51,231,25,48,203,gop,1050.709961,6
2003,nov,27,51,231,25,48,203,gop,1058.199951,5.8
2003,dec,27,51,231,25,48,203,gop,1111.920044,5.7
2004,jan,28,51,229,22,48,203,gop,1131.130005,5.7
2004,feb,28,51,229,22,48,203,gop,1144.939941,5.6
2004,mar,28,51,229,22,48,204,gop,1126.209961,5.8
2004,apr,28,51,229,22,48,204,gop,1107.300049,5.6
2004,may,28,51,229,22,48,204,gop,1120.680054,5.6
2004,jun,28,51,229,22,48,204,gop,1140.839966,5.6
2004,jul,29,51,229,22,48,204,gop,1101.719971,5.5
2004,aug,29,51,229,22,48,205,gop,1104.23999,5.4
2004,sep,29,51,229,22,48,205,gop,1114.579956,5.4
2004,oct,29,51,229,22,48,205,gop,1130.199951,5.5
2004,nov,29,51,229,23,48,205,gop,1173.819946,5.4
2004,dec,29,51,229,23,48,205,gop,1211.920044,5.4
2005,jan,28,54,232,22,45,201,gop,1181.27002,5.3
2005,feb,28,54,232,22,45,201,gop,1203.599976,5.4
2005,mar,28,54,232,22,45,202,gop,1180.589966,5.2
2005,apr,28,54,232,22,45,202,gop,1156.849976,5.2
2005,may,28,54,231,22,45,202,gop,1191.5,5.1
2005,jun,28,54,231,22,45,202,gop,1191.329956,5
2005,jul,28,54,231,22,45,202,gop,1234.180054,5
2005,aug,28,54,231,22,45,202,gop,1220.329956,4.9
2005,sep,28,54,232,22,45,202,gop,1228.810059,5
2005,oct,28,54,232,22,45,202,gop,1207.01001,5
2005,nov,28,54,232,22,45,202,gop,1249.47998,5
2005,dec,28,54,232,22,45,202,gop,1248.290039,4.9
2006,jan,28,54,231,22,45,201,gop,1280.079956,4.7
2006,feb,28,54,231,22,45,201,gop,1280.660034,4.8
2006,mar,28,54,231,22,45,201,gop,1294.869995,4.7
2006,apr,28,54,231,22,45,201,gop,1310.609985,4.7
2006,may,28,54,231,22,45,201,gop,1270.089966,4.6
2006,jun,28,54,231,22,45,201,gop,1270.199951,4.6
2006,jul,28,54,231,22,45,201,gop,1276.660034,4.7
2006,aug,28,54,231,22,45,201,gop,1303.819946,4.7
2006,sep,28,54,231,22,45,201,gop,1335.849976,4.5
2006,oct,28,54,231,22,45,201,gop,1377.939941,4.4
2006,nov,28,54,232,22,45,202,gop,1400.630005,4.5
2006,dec,28,54,232,22,45,202,gop,1418.300049,4.4
2007,jan,22,48,201,28,50,233,gop,1438.23999,4.6
2007,feb,22,48,201,28,50,233,gop,1406.819946,4.5
2007,mar,22,48,201,28,50,233,gop,1420.859985,4.4
2007,apr,22,48,201,28,50,233,gop,1482.369995,4.5
2007,may,22,48,201,28,50,232,gop,1530.619995,4.4
2007,jun,22,47,201,28,50,232,gop,1503.349976,4.6
2007,jul,22,48,201,28,50,232,gop,1455.27002,4.7
2007,aug,22,48,202,28,50,232,gop,1473.98999,4.6
2007,sep,22,48,202,28,50,233,gop,1526.75,4.7
2007,oct,22,48,202,28,50,233,gop,1549.380005,4.7
2007,nov,22,48,202,28,50,234,gop,1481.140015,4.7
2007,dec,22,48,202,28,50,234,gop,1468.359985,5
2008,jan,22,48,198,28,50,231,gop,1378.550049,5
2008,feb,22,48,198,28,50,231,gop,1330.630005,4.9
2008,mar,22,48,198,28,50,233,gop,1322.699951,5.1
2008,apr,22,48,198,28,50,234,gop,1385.589966,5
2008,may,22,48,199,28,50,235,gop,1400.380005,5.4
2008,jun,22,48,199,28,50,235,gop,1280,5.6
2008,jul,22,48,199,28,50,236,gop,1267.380005,5.8
2008,aug,22,48,199,28,50,236,gop,1282.829956,6.1
2008,sep,22,48,199,28,50,236,gop,1166.359985,6.1
2008,oct,22,48,199,28,50,236,gop,968.75,6.5
2008,nov,22,48,199,28,50,236,gop,896.23999,6.8
2008,dec,22,48,199,28,50,236,gop,903.25,7.3
2009,jan,22,40,179,28,57,254,dem,825.880005,7.8
2009,feb,22,40,179,28,57,254,dem,735.090027,8.3
2009,mar,22,40,179,28,57,253,dem,797.869995,8.7
2009,apr,22,40,179,28,57,254,dem,872.809998,9
2009,may,22,40,179,28,57,255,dem,919.140015,9.4
2009,jun,22,40,179,28,57,255,dem,919.320007,9.5
2009,jul,22,40,179,28,58,254,dem,987.47998,9.5
2009,aug,24,40,179,28,58,255,dem,1020.619995,9.6
2009,sep,24,41,179,28,58,255,dem,1057.079956,9.8
2009,oct,24,41,179,28,59,255,dem,1036.189941,10
2009,nov,24,41,179,28,59,257,dem,1095.630005,9.9
2009,dec,24,41,179,28,59,257,dem,1115.099976,9.9
2010,jan,24,41,178,26,57,255,dem,1073.869995,9.8
2010,feb,24,41,178,26,57,255,dem,1104.48999,9.8
2010,mar,24,41,178,26,57,253,dem,1169.430054,9.9
2010,apr,24,41,177,26,57,254,dem,1186.689941,9.9
2010,may,24,41,177,26,57,254,dem,1089.410034,9.6
2010,jun,24,41,178,26,57,255,dem,1030.709961,9.4
2010,jul,24,41,178,26,56,255,dem,1101.599976,9.4
2010,aug,24,41,178,26,57,255,dem,1049.329956,9.5
2010,sep,24,41,178,26,57,255,dem,1141.199951,9.5
2010,oct,24,41,178,26,57,255,dem,1183.26001,9.4
2010,nov,24,41,178,27,59,255,dem,1180.550049,9.8
2010,dec,24,41,178,27,59,255,dem,1257.640015,9.3
2011,jan,29,47,241,21,51,193,dem,1286.119995,9.2
2011,feb,29,47,241,21,51,193,dem,1327.219971,9
2011,mar,29,47,241,21,51,192,dem,1325.829956,9
2011,apr,29,47,241,21,51,192,dem,1363.609985,9.1
2011,may,29,47,240,21,51,192,dem,1345.199951,9
2011,jun,29,47,240,21,51,193,dem,1320.640015,9.1
2011,jul,29,47,240,21,51,192,dem,1292.280029,9
2011,aug,29,47,240,21,51,193,dem,1218.890015,9
2011,sep,29,47,242,21,51,193,dem,1131.420044,9
2011,oct,29,47,242,21,51,193,dem,1253.300049,8.8
2011,nov,29,47,242,21,51,193,dem,1246.959961,8.6
2011,dec,29,47,242,21,51,193,dem,1257.599976,8.5
2012,jan,29,47,242,21,51,192,dem,1312.410034,8.3
2012,feb,29,47,242,21,51,192,dem,1365.680054,8.3
2012,mar,29,47,242,21,51,191,dem,1408.469971,8.2
2012,apr,29,47,242,21,51,190,dem,1397.910034,8.2
2012,may,29,47,242,21,51,190,dem,1310.329956,8.2
2012,jun,29,47,242,21,51,191,dem,1362.160034,8.2
2012,jul,29,47,242,21,51,191,dem,1379.319946,8.2
2012,aug,29,47,242,21,51,191,dem,1406.579956,8
2012,sep,29,47,242,21,51,191,dem,1440.670044,7.8
2012,oct,29,47,242,21,51,191,dem,1412.160034,7.8
2012,nov,29,47,243,21,51,194,dem,1416.180054,7.7
2012,dec,29,47,243,21,51,194,dem,1426.189941,7.9
2013,jan,30,45,232,20,53,200,dem,1498.109985,8
2013,feb,30,45,232,20,53,200,dem,1514.680054,7.7
2013,mar,30,45,232,20,53,200,dem,1569.189941,7.5
2013,apr,30,45,232,20,53,201,dem,1597.569946,7.6
2013,may,30,45,233,20,53,201,dem,1630.73999,7.5
2013,jun,30,46,234,20,52,201,dem,1606.280029,7.5
2013,jul,30,46,234,20,52,201,dem,1685.72998,7.3
2013,aug,30,46,234,20,53,201,dem,1632.969971,7.2
2013,sep,30,46,234,20,53,201,dem,1681.550049,7.2
2013,oct,30,46,234,20,53,201,dem,1756.540039,7.2
2013,nov,30,46,234,20,54,201,dem,1805.810059,7
2013,dec,30,46,234,20,54,201,dem,1848.359985,6.7
2014,jan,29,45,232,21,53,200,dem,1782.589966,6.6
2014,feb,29,45,232,21,53,200,dem,1859.449951,6.7
2014,mar,29,45,233,21,53,199,dem,1872.339966,6.6
2014,apr,29,45,233,21,53,199,dem,1883.949951,6.2
2014,may,29,45,233,21,53,199,dem,1923.569946,6.3
2014,jun,29,45,233,21,53,199,dem,1960.22998,6.1
2014,jul,29,45,234,21,53,199,dem,1930.670044,6.2
2014,aug,29,45,234,21,53,199,dem,2003.369995,6.1
2014,sep,29,45,234,21,53,199,dem,1972.290039,5.9
2014,oct,29,45,234,21,53,199,dem,2018.050049,5.7
2014,nov,29,45,235,21,53,201,dem,2067.560059,5.8
2014,dec,29,45,235,21,53,201,dem,2058.899902,5.6
2015,jan,31,54,245,18,44,188,dem,1994.98999,5.7
2015,feb,31,54,245,18,44,188,dem,2104.5,5.5
2015,mar,31,54,245,18,44,188,dem,2067.889893,5.5
2015,apr,31,54,244,18,44,188,dem,2085.51001,5.4
2015,may,31,54,245,18,44,188,dem,2107.389893,5.5
2015,jun,31,54,246,18,44,188,dem,2063.110107,5.3
